Customer_Status,Age,Gender,Income_Level,Tenure_Months,Inactive_Months_In_Last_12,Credit_Limit,Total_Trans_Amount,Total_Trans_Count,Avg_Utilization_Ratio
Existing Customer,41,F,Unknown,30,1,5417.0,1768,56,0.35
Attrited Customer,60,M,$40K - $60K,47,1,3735.0,8193,66,0.32
Existing Customer,47,M,Less than $40K,34,1,8390.0,8316,92,0.0
Existing Customer,44,M,$60K - $80K,37,2,1682.0,3309,67,0.55
Existing Customer,47,F,Less than $40K,36,2,2500.0,4265,87,0.47
Existing Customer,37,M,$40K - $60K,25,2,2608.0,2565,72,0.69
Existing Customer,59,M,$60K - $80K,48,1,3868.0,4716,79,0.36
Existing Customer,47,F,Less than $40K,35,2,5544.0,1336,38,0.21
Attrited Customer,56,F,Unknown,42,2,3674.0,2608,45,0.68
Existing Customer,51,F,Less than $40K,39,3,2268.0,5016,88,0.29
Existing Customer,45,F,Less than $40K,31,1,1946.0,8423,82,0.61
Attrited Customer,38,M,$80K - $120K,26,3,1438.3,1585,32,0.0
Attrited Customer,42,F,Less than $40K,23,2,1443.0,2092,38,0.0
Existing Customer,47,F,Less than $40K,34,3,5950.0,4655,66,0.0
Existing Customer,57,F,Less than $40K,44,3,1737.0,3669,58,0.47
Attrited Customer,33,M,$80K - $120K,36,3,7140.0,916,18,0.0
Existing Customer,43,M,$40K - $60K,32,3,2142.0,4424,88,0.64
Existing Customer,60,F,Less than $40K,49,1,11060.0,4545,83,0.15
Existing Customer,34,M,$80K - $120K,21,4,4670.0,2256,56,0.0
Existing Customer,53,M,$60K - $80K,47,3,13848.0,1773,38,0.1
Existing Customer,37,F,Less than $40K,30,2,2077.0,1629,36,0.67
Existing Customer,53,F,$40K - $60K,46,2,1438.3,2118,64,0.0
Existing Customer,44,F,Less than $40K,32,1,4852.0,1775,55,0.37
Existing Customer,53,M,$120K +,41,3,7272.0,2333,56,0.28
Existing Customer,57,M,$80K - $120K,48,4,13457.0,3303,66,0.08
Existing Customer,42,M,$60K - $80K,31,3,2934.0,2484,55,0.86
Existing Customer,46,F,Less than $40K,33,3,1896.0,4588,75,0.92
Existing Customer,36,M,$120K +,23,3,20230.0,4314,82,0.04
Attrited Customer,41,M,$80K - $120K,31,3,19782.0,2535,44,0.04
Existing Customer,51,M,$120K +,40,3,8706.0,3203,54,0.1
Existing Customer,54,M,$80K - $120K,46,3,15554.0,2836,61,0.16
Existing Customer,46,M,$120K +,32,2,11840.0,1560,49,0.11
Existing Customer,51,F,Unknown,45,2,6519.0,4505,71,0.33
Existing Customer,62,M,$40K - $60K,50,2,7348.0,3066,61,0.2
Existing Customer,47,M,$60K - $80K,36,1,9300.0,3651,67,0.08
Existing Customer,37,M,$80K - $120K,24,3,11309.0,4809,71,0.0
Existing Customer,53,F,$40K - $60K,36,1,15248.0,4758,83,0.08
Existing Customer,56,F,Less than $40K,45,1,3132.0,4412,73,0.71
Existing Customer,43,F,Less than $40K,33,2,3933.0,1489,45,0.22
Existing Customer,45,F,$40K - $60K,31,2,4701.0,4136,77,0.25
Attrited Customer,45,F,Less than $40K,39,2,3411.0,2108,55,0.43
Existing Customer,50,F,Unknown,41,2,4846.0,3724,61,0.51
Existing Customer,30,F,Less than $40K,36,2,1621.0,5247,84,0.64
Existing Customer,54,F,$40K - $60K,49,3,5335.0,1435,29,0.26
Existing Customer,56,F,$40K - $60K,40,2,5366.0,1748,38,0.24
Existing Customer,57,F,Less than $40K,46,1,5184.0,1834,55,0.36
Attrited Customer,43,M,$40K - $60K,31,3,23981.0,4758,65,0.02
Attrited Customer,49,M,$40K - $60K,45,2,1438.3,815,21,0.0
Attrited Customer,36,F,Less than $40K,29,2,1493.0,2516,63,0.0
Existing Customer,40,M,$120K +,21,4,20056.0,1687,46,0.08
Attrited Customer,43,F,Less than $40K,24,3,2962.0,929,31,0.85
Existing Customer,49,F,Unknown,36,3,5039.0,4770,74,0.49
Existing Customer,44,F,Less than $40K,36,2,1687.0,4247,87,0.76
Existing Customer,47,F,Less than $40K,41,3,1438.3,1501,40,0.0
Existing Customer,40,M,$120K +,36,2,17606.0,8104,83,0.08
Existing Customer,49,F,Less than $40K,40,2,2096.0,4926,82,0.61
Existing Customer,33,F,Less than $40K,25,3,6193.0,2456,69,0.11
Existing Customer,65,F,Unknown,36,3,8138.0,1299,29,0.26
Existing Customer,45,F,Less than $40K,33,3,9977.0,3530,61,0.21
Existing Customer,35,F,Less than $40K,29,3,2118.0,4541,60,0.56
Existing Customer,40,F,Unknown,26,3,3369.0,4501,96,0.22
Existing Customer,51,F,Less than $40K,41,1,2941.0,4099,66,0.22
Existing Customer,53,M,$40K - $60K,41,1,2885.0,1170,23,0.5
Existing Customer,46,M,$120K +,36,2,7793.0,1099,39,0.22
Existing Customer,57,F,Less than $40K,36,2,3136.0,1260,34,0.45
Existing Customer,48,F,Less than $40K,40,2,2097.0,4189,83,0.6
Existing Customer,51,M,$120K +,44,2,11954.0,7345,93,0.0
Attrited Customer,61,F,Less than $40K,36,3,1760.0,2285,46,0.0
Existing Customer,45,F,Less than $40K,37,1,2052.0,4289,72,0.0
Existing Customer,34,M,$60K - $80K,23,3,4245.0,1534,34,0.43
Existing Customer,46,F,Unknown,36,3,17023.0,1610,43,0.06
Existing Customer,52,F,Less than $40K,46,3,3231.0,4610,90,0.69
Attrited Customer,53,F,Less than $40K,36,2,1438.3,799,17,0.0
Existing Customer,56,F,Unknown,48,3,3934.0,4837,87,0.64
Existing Customer,48,F,Unknown,40,3,2300.0,4538,71,0.83
Existing Customer,44,F,Less than $40K,32,2,7926.0,7677,87,0.13
Existing Customer,34,M,$80K - $120K,29,1,13395.0,2650,69,0.12
Existing Customer,47,F,Unknown,36,1,8332.0,5108,78,0.0
Existing Customer,38,M,$60K - $80K,33,3,5940.0,1872,34,0.18
Existing Customer,42,M,$80K - $120K,29,3,17506.0,4199,73,0.11
Existing Customer,43,M,$40K - $60K,37,2,10800.0,3966,77,0.14
Attrited Customer,38,F,Less than $40K,20,2,1621.0,1893,41,0.36
Existing Customer,49,F,$40K - $60K,38,2,12836.0,2519,53,0.08
Existing Customer,39,F,Less than $40K,31,3,6798.0,3961,69,0.14
Existing Customer,39,F,Less than $40K,33,4,2001.0,4509,69,0.72
Existing Customer,40,M,Less than $40K,34,1,2577.0,4134,62,0.7
Existing Customer,38,F,Less than $40K,31,3,3222.0,5154,80,0.0
Existing Customer,50,F,Less than $40K,36,3,1438.3,3800,69,0.0
Existing Customer,56,M,$80K - $120K,45,1,5070.0,3651,76,0.0
Existing Customer,37,M,$60K - $80K,21,2,21952.0,4087,70,0.07
Existing Customer,49,F,Unknown,44,3,18206.0,1439,48,0.09
Existing Customer,55,F,$40K - $60K,46,3,5379.0,1778,40,0.18
Existing Customer,26,F,Less than $40K,36,3,2557.0,2266,57,0.78
Existing Customer,41,F,Less than $40K,31,2,2909.0,4230,68,0.41
Attrited Customer,43,F,Less than $40K,33,3,14806.0,4804,57,0.17
Existing Customer,33,M,$40K - $60K,25,2,9371.0,2518,67,0.16
Existing Customer,53,F,Less than $40K,36,1,1438.3,4551,65,0.82
Existing Customer,43,M,$60K - $80K,34,2,13771.0,1510,42,0.18
Existing Customer,58,F,Less than $40K,38,2,3331.0,5379,92,0.68
Existing Customer,41,F,$40K - $60K,29,1,14345.0,4045,72,0.07
Existing Customer,27,F,Less than $40K,36,3,1553.0,1954,43,0.47
Existing Customer,44,M,$40K - $60K,34,3,8997.0,4558,62,0.08
Existing Customer,51,F,Less than $40K,45,3,2918.0,3818,61,0.7
Attrited Customer,32,M,$40K - $60K,22,3,4739.0,886,21,0.0
Existing Customer,44,F,Less than $40K,32,1,6472.0,3592,66,0.33
Existing Customer,42,M,$80K - $120K,37,3,19366.0,3627,66,0.08
Existing Customer,51,F,Less than $40K,39,2,2673.0,4119,75,0.48
Attrited Customer,58,F,$40K - $60K,47,4,2295.0,2140,40,0.0
Attrited Customer,54,F,Less than $40K,44,3,2440.0,2334,51,0.21
Existing Customer,40,F,Less than $40K,34,3,4757.0,4220,71,0.42
Existing Customer,49,F,Unknown,42,3,16424.0,4025,79,0.08
Attrited Customer,39,F,Less than $40K,36,2,2092.0,2015,33,0.0
Existing Customer,26,M,Unknown,19,1,1438.3,2005,47,0.0
Existing Customer,47,F,Less than $40K,42,4,1438.3,4735,87,0.0
Attrited Customer,52,M,$120K +,48,3,20974.0,1246,27,0.0
Existing Customer,49,F,Less than $40K,38,2,15016.0,7685,84,0.13
Existing Customer,44,M,$60K - $80K,29,2,7788.0,1196,30,0.0
Existing Customer,34,M,$60K - $80K,23,1,2033.0,4110,74,0.9
Existing Customer,38,F,Unknown,28,3,5666.0,5015,90,0.25
Existing Customer,50,F,Less than $40K,46,2,2165.0,4194,72,0.64
Existing Customer,53,M,$60K - $80K,36,3,7753.0,991,26,0.27
Existing Customer,53,F,Less than $40K,36,4,3319.0,4560,84,0.28
Existing Customer,39,F,Less than $40K,26,3,2469.0,3837,74,0.74
Attrited Customer,42,M,$60K - $80K,27,2,2476.0,4659,48,0.91
Existing Customer,52,F,Less than $40K,45,1,3705.0,4452,89,0.58
Existing Customer,36,F,Unknown,31,2,15700.0,2229,48,0.08
Existing Customer,36,F,Less than $40K,36,2,1964.0,4240,60,0.0
Existing Customer,41,F,$40K - $60K,30,3,4432.0,4144,79,0.3
Existing Customer,43,M,$60K - $80K,31,3,3764.0,4898,80,0.47
Attrited Customer,52,F,Less than $40K,40,2,2317.0,884,19,0.0
Attrited Customer,31,F,Unknown,22,2,1623.0,2126,45,0.0
Existing Customer,38,F,Unknown,27,2,2425.0,4568,74,0.58
Existing Customer,46,M,$80K - $120K,36,1,1438.3,4461,71,0.0
Existing Customer,54,F,Less than $40K,41,2,4658.0,1351,30,0.13
Attrited Customer,46,F,Less than $40K,39,3,1801.0,2252,42,0.18
Attrited Customer,59,F,$40K - $60K,36,3,4375.0,2507,53,0.0
Existing Customer,54,F,$40K - $60K,41,3,4440.0,3720,89,0.0
Existing Customer,47,M,$80K - $120K,36,3,17655.0,3692,79,0.0
Existing Customer,43,F,Less than $40K,36,1,1855.0,4191,81,0.49
Existing Customer,53,M,$40K - $60K,48,1,2522.0,4697,73,0.68
Attrited Customer,47,F,Less than $40K,36,2,8109.0,1835,43,0.0
Existing Customer,41,M,$60K - $80K,33,2,20749.0,4754,77,0.1
Attrited Customer,44,F,Less than $40K,28,2,1877.0,2581,57,0.64
Existing Customer,47,F,Less than $40K,36,2,1438.3,4220,87,0.51
Existing Customer,41,F,$40K - $60K,36,3,2690.0,3636,68,0.71
Existing Customer,49,M,$40K - $60K,38,1,3051.0,4887,69,0.58
Existing Customer,45,F,Unknown,29,3,2555.0,4888,78,0.27
Existing Customer,49,M,$120K +,36,2,19763.0,1414,35,0.13
Attrited Customer,45,F,Unknown,38,2,3120.0,2468,43,0.81
Attrited Customer,44,F,Less than $40K,28,2,1951.0,2697,45,0.0
Existing Customer,58,M,$80K - $120K,42,3,12421.0,1913,49,0.2
Existing Customer,46,F,Less than $40K,40,2,3556.0,1221,41,0.61
Existing Customer,40,F,$40K - $60K,29,3,2351.0,5115,84,0.57
Existing Customer,39,M,$80K - $120K,31,2,8434.0,1414,27,0.26
Existing Customer,46,F,$40K - $60K,29,2,3126.0,1638,41,0.8
Attrited Customer,38,F,Less than $40K,36,3,2989.0,2143,67,0.8
Existing Customer,46,F,Less than $40K,36,3,2483.0,4421,74,0.82
Existing Customer,41,F,$40K - $60K,36,2,6602.0,4479,82,0.0
Existing Customer,52,F,Less than $40K,40,2,5207.0,7153,84,0.22
Existing Customer,51,F,Unknown,36,3,5062.0,4243,102,0.33
Existing Customer,48,M,$120K +,35,3,10642.0,4183,74,0.16
Existing Customer,51,F,Less than $40K,36,4,1857.0,5149,90,0.56
Existing Customer,51,F,Less than $40K,36,2,9930.0,1276,21,0.0
Existing Customer,45,F,Less than $40K,38,2,3682.0,4015,77,0.0
Attrited Customer,50,M,$60K - $80K,44,4,7050.0,2176,39,0.14
Existing Customer,44,F,Less than $40K,36,1,2107.0,4007,82,0.0
Existing Customer,56,F,Less than $40K,36,2,2641.0,1439,39,0.48
Existing Customer,47,F,Unknown,38,1,1634.0,4397,72,0.9
Existing Customer,49,F,$40K - $60K,29,3,1564.0,5172,78,0.0
Existing Customer,44,M,$60K - $80K,36,1,4141.0,3512,65,0.34
Attrited Customer,46,M,$60K - $80K,34,3,15060.0,1611,42,0.0
Existing Customer,52,F,Less than $40K,35,2,1954.0,4897,70,0.41
Attrited Customer,42,F,Less than $40K,18,3,8668.0,1402,38,0.0
Existing Customer,58,M,$120K +,49,2,9788.0,1805,37,0.18
Existing Customer,44,F,$40K - $60K,25,2,3299.0,4312,84,0.76
Existing Customer,45,F,$40K - $60K,36,3,2293.0,5047,94,0.57
Attrited Customer,51,F,$40K - $60K,36,3,4762.0,2811,52,0.0
Existing Customer,50,M,$60K - $80K,37,3,18085.0,4583,76,0.04
Existing Customer,41,F,Less than $40K,36,3,2687.0,4096,76,0.49
Existing Customer,46,F,Less than $40K,39,2,1438.3,4370,79,0.0
Existing Customer,48,F,Less than $40K,29,3,1843.0,5199,73,0.98
Existing Customer,55,M,$60K - $80K,36,3,1467.0,4226,74,0.0
Existing Customer,45,F,Less than $40K,39,3,2606.0,2191,42,0.76
Existing Customer,45,F,Unknown,40,2,7600.0,4240,67,0.21
Existing Customer,62,F,Unknown,36,2,2870.0,3946,74,0.8
Existing Customer,43,F,$40K - $60K,36,3,4902.0,4508,69,0.51
Existing Customer,42,M,$60K - $80K,34,3,10607.0,1903,40,0.24
Existing Customer,40,M,$80K - $120K,36,2,3919.0,1872,51,0.42
Existing Customer,49,M,$120K +,36,2,8514.0,4098,74,0.24
Existing Customer,44,F,Less than $40K,36,3,8685.0,2473,56,0.0
Existing Customer,46,M,$40K - $60K,36,3,4129.0,1678,40,0.0
Existing Customer,31,M,$40K - $60K,22,1,9096.0,2318,54,0.0
Existing Customer,50,F,Less than $40K,38,3,2775.0,4608,84,0.53
Existing Customer,38,F,Less than $40K,29,3,3590.0,1472,37,0.54
Attrited Customer,39,F,$40K - $60K,31,3,3333.0,3348,50,0.56
Attrited Customer,33,F,Less than $40K,24,2,1806.0,2833,43,0.0
Existing Customer,46,M,$40K - $60K,36,3,1438.3,2928,48,0.62
Existing Customer,43,F,Unknown,30,3,9535.0,4210,81,0.07
Existing Customer,29,F,Less than $40K,23,1,3318.0,3011,83,0.28
Existing Customer,45,F,Less than $40K,35,2,2548.0,4747,77,0.88
Existing Customer,42,M,$40K - $60K,37,2,2793.0,3247,69,0.6
Existing Customer,55,F,Less than $40K,43,3,1844.0,4564,82,0.0
Existing Customer,43,M,$60K - $80K,34,1,20755.0,4615,79,0.11
Existing Customer,41,M,$60K - $80K,32,3,18001.0,1194,25,0.05
Existing Customer,44,M,$60K - $80K,31,3,12756.0,1413,14,0.07
Existing Customer,36,M,$60K - $80K,27,3,12397.0,1888,42,0.08
Attrited Customer,38,M,$120K +,30,3,10874.0,4619,59,0.22
Existing Customer,50,M,$80K - $120K,38,2,3460.0,1546,35,0.54
Existing Customer,45,F,$40K - $60K,26,2,4034.0,3718,72,0.46
Existing Customer,50,M,$40K - $60K,33,1,2798.0,2903,69,0.46
Existing Customer,45,F,Unknown,27,1,1877.0,4854,80,0.0
Attrited Customer,43,F,Less than $40K,38,2,4075.0,2449,27,0.49
Existing Customer,39,M,Less than $40K,32,1,2973.0,2593,57,0.79
Existing Customer,60,M,$40K - $60K,53,2,16541.0,4352,82,0.09
Existing Customer,51,F,Less than $40K,36,2,3007.0,4985,84,0.84
Existing Customer,48,F,Less than $40K,36,3,9505.0,3616,68,0.25
Existing Customer,51,F,Less than $40K,36,2,1588.0,4660,68,0.95
Existing Customer,44,F,Unknown,37,2,4559.0,4934,76,0.37
Existing Customer,44,M,$80K - $120K,37,1,4234.0,1348,27,0.23
Existing Customer,36,F,Less than $40K,25,3,4701.0,1679,32,0.32
Existing Customer,45,F,Less than $40K,36,3,3281.0,1779,47,0.6
Existing Customer,45,M,$80K - $120K,39,3,1613.0,3549,65,0.0
Existing Customer,46,M,$80K - $120K,35,3,18325.0,1517,33,0.04
Existing Customer,55,M,$80K - $120K,45,3,9959.0,2041,45,0.19
Existing Customer,54,M,$80K - $120K,37,2,3164.0,4410,86,0.7
Existing Customer,35,F,Unknown,27,3,3280.0,2534,78,0.55
Existing Customer,55,M,$80K - $120K,36,2,10604.0,1578,30,0.19
Existing Customer,40,F,Less than $40K,36,2,3569.0,7963,85,0.3
Attrited Customer,52,M,$80K - $120K,46,2,15011.0,1821,36,0.17
Attrited Customer,44,F,Less than $40K,36,2,1438.3,1944,36,0.0
Existing Customer,57,F,$40K - $60K,48,2,2576.0,3913,86,0.65
Existing Customer,37,F,$40K - $60K,27,3,3050.0,4698,75,0.82
Existing Customer,39,F,Less than $40K,19,3,3156.0,2739,56,0.66
Existing Customer,44,M,$60K - $80K,37,1,1787.0,3912,79,0.0
Existing Customer,53,F,Less than $40K,36,2,1820.0,4665,67,0.5
Attrited Customer,41,F,Less than $40K,33,3,1438.3,1813,51,0.0
Existing Customer,50,M,$40K - $60K,36,2,3069.0,2909,58,0.61
Attrited Customer,57,F,Less than $40K,46,3,9129.0,7733,81,0.0
Existing Customer,36,M,Less than $40K,26,2,3453.0,4386,68,0.73
Existing Customer,50,M,$40K - $60K,38,3,2845.0,3730,66,0.4
Existing Customer,57,F,$40K - $60K,49,2,7578.0,1325,29,0.22
Existing Customer,39,F,Less than $40K,23,3,3279.0,5048,75,0.0
Existing Customer,52,F,Less than $40K,36,1,2936.0,4650,78,0.74
Attrited Customer,46,M,$80K - $120K,38,3,10309.0,1760,40,0.0
Existing Customer,50,F,Unknown,34,3,23381.0,4357,73,0.04
Attrited Customer,43,F,$40K - $60K,26,2,2867.0,2646,41,0.0
Attrited Customer,53,F,Less than $40K,41,3,1438.3,1587,42,0.0
Existing Customer,49,M,$80K - $120K,38,3,4694.0,3798,56,0.0
Existing Customer,40,F,Unknown,23,2,18332.0,4095,67,0.08
Existing Customer,46,F,$40K - $60K,41,2,7457.0,3162,64,0.0
Existing Customer,48,F,Less than $40K,43,1,3119.0,4705,77,0.7
Existing Customer,41,M,$80K - $120K,35,2,19412.0,1576,41,0.04
Existing Customer,41,M,$80K - $120K,29,2,11191.0,3839,73,0.0
Existing Customer,60,F,Less than $40K,50,2,3147.0,1558,23,0.51
Existing Customer,48,F,$40K - $60K,41,3,16002.0,3667,52,0.13
Attrited Customer,56,M,$120K +,36,1,12211.0,903,29,0.0
Existing Customer,46,F,Less than $40K,36,2,2374.0,4253,81,0.56
Existing Customer,52,M,$80K - $120K,41,3,2757.0,3992,76,0.52
Existing Customer,52,F,Less than $40K,42,3,2510.0,4943,70,0.77
Existing Customer,55,F,$40K - $60K,46,2,6725.0,1865,53,0.3
Existing Customer,54,M,$80K - $120K,45,3,20882.0,4765,76,0.07
Existing Customer,30,F,Less than $40K,18,1,4199.0,3016,67,0.45
Attrited Customer,51,F,Less than $40K,36,3,1438.3,1939,49,0.45
Existing Customer,52,M,$60K - $80K,39,1,2641.0,4279,67,0.6
Attrited Customer,65,M,Less than $40K,36,2,2954.0,1909,28,0.85
Attrited Customer,41,M,$60K - $80K,32,3,4697.0,1679,29,0.22
Existing Customer,39,M,$60K - $80K,27,2,2583.0,4162,87,0.0
Existing Customer,42,F,Less than $40K,38,1,1538.0,5228,61,0.56
Existing Customer,47,M,$80K - $120K,40,3,12945.0,3369,59,0.12
Existing Customer,53,M,$60K - $80K,45,3,14366.0,3868,66,0.06
Existing Customer,48,M,$80K - $120K,37,3,3034.0,4172,66,0.15
Existing Customer,51,F,Unknown,45,2,7336.0,3812,67,0.14
Existing Customer,43,F,$40K - $60K,33,3,5330.0,1441,43,0.22
Existing Customer,51,M,$60K - $80K,40,2,21800.0,3820,62,0.04
Existing Customer,38,M,$60K - $80K,34,3,5323.0,1783,33,0.43
Attrited Customer,55,M,$120K +,46,3,16828.0,4939,63,0.15
Existing Customer,29,M,$40K - $60K,18,3,4532.0,1885,55,0.0
Existing Customer,39,M,$120K +,30,2,8842.0,4493,79,0.0
Existing Customer,36,M,$40K - $60K,25,2,3645.0,4142,74,0.69
Existing Customer,51,F,Less than $40K,40,3,7093.0,3877,75,0.13
Existing Customer,44,F,$40K - $60K,39,1,17077.0,7391,75,0.13
Existing Customer,57,F,Less than $40K,36,2,3542.0,4127,71,0.68
Existing Customer,37,F,Less than $40K,23,3,1879.0,5202,88,0.79
Existing Customer,50,M,$40K - $60K,39,3,13509.0,3702,64,0.15
Existing Customer,65,F,$40K - $60K,48,2,4599.0,2608,78,0.14
Existing Customer,37,F,Less than $40K,36,2,3586.0,2780,57,0.39
Existing Customer,55,M,$120K +,42,2,8302.0,1576,34,0.3
Existing Customer,61,M,$40K - $60K,52,1,2177.0,7037,82,0.61
Existing Customer,43,F,Unknown,33,1,7951.0,4452,65,0.18
Attrited Customer,47,F,Less than $40K,42,3,5798.0,1860,43,0.43
Existing Customer,56,M,$80K - $120K,41,1,17753.0,3986,64,0.11
Existing Customer,44,F,Less than $40K,40,1,6441.0,7123,94,0.33
Existing Customer,37,M,$80K - $120K,36,2,9782.0,3672,75,0.18
Attrited Customer,58,M,$80K - $120K,46,3,10286.0,8199,59,0.0
Existing Customer,33,M,$60K - $80K,28,3,4049.0,1742,35,0.0
Existing Customer,37,M,$80K - $120K,30,3,19300.0,2660,70,0.06
Existing Customer,49,M,$80K - $120K,38,3,9959.0,7300,77,0.12
Existing Customer,50,F,Less than $40K,38,3,1438.3,4594,86,0.0
Existing Customer,31,M,$40K - $60K,25,3,1935.0,2498,60,0.53
Existing Customer,46,M,$40K - $60K,41,3,3914.0,4242,64,0.43
Existing Customer,59,F,Less than $40K,36,1,1438.3,4155,62,0.0
Existing Customer,44,M,$60K - $80K,34,3,3650.0,4250,81,0.35
Existing Customer,46,M,$40K - $60K,41,3,3150.0,3432,71,0.49
Attrited Customer,56,F,Less than $40K,36,2,2802.0,2371,46,0.8
Existing Customer,40,M,$80K - $120K,21,2,1804.0,5308,78,0.58
Existing Customer,26,M,$40K - $60K,36,2,2657.0,2349,41,0.61
Existing Customer,33,M,$40K - $60K,20,3,5657.0,1914,46,0.32
Attrited Customer,48,M,$80K - $120K,40,3,4479.0,4520,63,0.0
Existing Customer,54,F,$40K - $60K,43,3,2222.0,3960,79,0.63
Existing Customer,34,M,$120K +,28,3,13384.0,1899,33,0.14
Existing Customer,38,M,$80K - $120K,31,1,13637.0,3625,73,0.0
Existing Customer,41,F,Less than $40K,31,2,4086.0,7932,87,0.48
Existing Customer,52,M,$80K - $120K,36,2,16026.0,4418,59,0.07
Attrited Customer,51,F,Less than $40K,45,3,1952.0,2452,44,0.72
Existing Customer,63,M,$60K - $80K,46,2,23925.0,3677,55,0.06
Existing Customer,55,F,Unknown,50,1,11341.0,1731,46,0.0
Existing Customer,48,M,$80K - $120K,36,3,11656.0,1441,32,0.14
Existing Customer,46,F,Less than $40K,36,2,2391.0,7649,101,0.68
Existing Customer,49,F,Less than $40K,43,2,3002.0,4851,74,0.48
Existing Customer,59,F,Less than $40K,47,3,7692.0,1861,42,0.22
Existing Customer,46,F,Less than $40K,41,1,1752.0,4864,76,0.35
Existing Customer,47,M,$60K - $80K,36,3,19063.0,1270,21,0.09
Attrited Customer,43,M,$80K - $120K,38,3,1504.0,2530,43,0.0
Existing Customer,43,F,Unknown,32,3,8314.0,5028,80,0.16
Existing Customer,53,F,Less than $40K,40,1,1438.3,4978,73,0.0
Existing Customer,50,M,$80K - $120K,39,3,14817.0,4014,70,0.1
Attrited Customer,50,F,$40K - $60K,36,2,5527.0,2281,37,0.2
Existing Customer,56,F,Unknown,48,1,4203.0,1425,32,0.47
Existing Customer,43,F,$40K - $60K,24,3,5182.0,5235,92,0.31
Existing Customer,42,M,$40K - $60K,26,1,5848.0,8417,95,0.25
Existing Customer,60,M,$80K - $120K,50,2,23412.0,1786,50,0.05
Attrited Customer,53,M,$60K - $80K,43,3,13720.0,1830,36,0.0
Existing Customer,57,M,$60K - $80K,52,3,6584.0,1353,35,0.28
Existing Customer,44,F,Less than $40K,31,2,1438.3,4208,86,0.48
Existing Customer,52,F,Less than $40K,36,1,3240.0,4803,83,0.0
Existing Customer,45,F,Less than $40K,36,1,1640.0,4597,77,0.61
Existing Customer,46,M,$60K - $80K,42,3,7116.0,4759,81,0.1
Attrited Customer,50,F,Unknown,41,3,2509.0,2281,41,0.0
Existing Customer,50,M,$60K - $80K,43,2,23223.0,7358,87,0.03
Existing Customer,49,F,Less than $40K,36,4,3298.0,1052,32,0.67
Existing Customer,37,F,$40K - $60K,30,3,6469.0,1717,50,0.36
Attrited Customer,48,F,Less than $40K,31,2,1438.3,1897,58,0.0
Existing Customer,47,F,Unknown,42,2,5884.0,4477,82,0.24
Attrited Customer,51,F,Less than $40K,41,2,14563.0,6408,70,0.09
Existing Customer,49,M,Less than $40K,42,2,4834.0,1876,35,0.0
Existing Customer,48,F,Less than $40K,36,3,4006.0,5006,89,0.41
Existing Customer,51,M,$80K - $120K,40,2,23453.0,7555,96,0.0
Existing Customer,64,M,Unknown,51,3,2571.0,3647,59,0.47
Existing Customer,55,F,Less than $40K,43,2,2736.0,4078,85,0.36
Existing Customer,45,M,Less than $40K,36,2,1963.0,3718,75,0.79
Existing Customer,47,M,$80K - $120K,28,1,2797.0,3525,63,0.64
Existing Customer,49,M,$40K - $60K,45,2,10541.0,4269,92,0.13
Existing Customer,44,F,Unknown,33,2,8230.0,7736,84,0.16
Attrited Customer,46,F,Less than $40K,36,3,1804.0,2077,44,0.0
Existing Customer,49,F,$40K - $60K,39,2,7382.0,4792,65,0.18
Existing Customer,52,M,$60K - $80K,40,2,5376.0,4511,74,0.15
Existing Customer,33,M,$60K - $80K,36,3,24149.0,2584,66,0.08
Existing Customer,43,F,Less than $40K,36,3,1780.0,5008,93,0.87
Attrited Customer,56,M,$60K - $80K,36,2,4742.0,870,24,0.18
Attrited Customer,47,M,$80K - $120K,37,3,5449.0,836,18,0.3
Existing Customer,31,F,Less than $40K,22,1,6662.0,3264,83,0.0
Attrited Customer,53,M,$80K - $120K,36,2,11778.0,2147,44,0.0
Existing Customer,53,M,$120K +,38,3,1891.0,3822,69,0.49
Existing Customer,47,M,$80K - $120K,34,1,1626.0,5262,83,0.62
Existing Customer,50,F,Less than $40K,42,1,2240.0,1905,39,0.0
Existing Customer,45,F,Unknown,35,4,8795.0,4552,81,0.29
Existing Customer,42,M,$80K - $120K,23,2,7253.0,7595,83,0.0
Existing Customer,52,F,Unknown,36,3,9078.0,4458,87,0.13
Existing Customer,36,F,Unknown,36,3,4685.0,4560,81,0.35
Existing Customer,49,F,Less than $40K,36,3,1838.0,5156,72,0.0
Existing Customer,46,F,$40K - $60K,39,1,2477.0,5138,77,0.6
Existing Customer,59,F,Unknown,46,1,5402.0,4770,83,0.16
Existing Customer,57,F,$40K - $60K,36,3,19482.0,1421,22,0.06
Existing Customer,40,M,$40K - $60K,32,1,2526.0,3596,69,0.91
Attrited Customer,43,F,Less than $40K,24,2,1679.0,2492,43,0.57
Existing Customer,49,M,$60K - $80K,34,1,5176.0,1902,56,0.0
Existing Customer,40,M,$80K - $120K,25,3,1962.0,1179,27,0.0
Existing Customer,37,F,Less than $40K,36,2,2310.0,4191,77,0.66
Existing Customer,36,F,Unknown,30,2,8696.0,2847,67,0.17
Existing Customer,47,F,Less than $40K,36,3,1478.0,4123,67,0.54
Existing Customer,47,M,$80K - $120K,41,1,2877.0,4006,68,0.4
Attrited Customer,41,M,$120K +,24,2,9924.0,1949,43,0.0
Existing Customer,38,F,$40K - $60K,36,2,2331.0,4417,69,0.73
Existing Customer,50,F,Less than $40K,36,3,2999.0,5119,83,0.61
Existing Customer,58,M,$80K - $120K,44,2,11811.0,1469,29,0.21
Existing Customer,39,F,Less than $40K,29,2,1923.0,1670,37,0.44
Existing Customer,44,F,Less than $40K,24,3,2003.0,1756,42,0.61
Existing Customer,45,M,$60K - $80K,37,1,15626.0,3386,65,0.07
Existing Customer,40,F,Unknown,28,3,2321.0,5149,98,0.51
Existing Customer,54,M,$60K - $80K,48,2,14948.0,3094,56,0.14
Existing Customer,53,M,$120K +,45,1,9343.0,1385,31,0.14
Existing Customer,42,M,Less than $40K,36,2,6153.0,7434,92,0.16
Existing Customer,61,M,$60K - $80K,49,3,3352.0,1952,50,0.51
Existing Customer,53,M,$60K - $80K,45,1,15583.0,3938,69,0.0
Existing Customer,30,M,Less than $40K,23,2,2997.0,1577,35,0.46
Existing Customer,62,M,$80K - $120K,51,2,5711.0,4320,72,0.0
Existing Customer,51,F,Unknown,39,3,2002.0,1585,40,0.62
Existing Customer,53,F,Unknown,36,2,11098.0,2156,46,0.07
Attrited Customer,41,M,$40K - $60K,28,3,11091.0,1234,34,0.0
Attrited Customer,55,F,Less than $40K,45,3,12207.0,5838,74,0.0
Attrited Customer,54,M,$80K - $120K,36,3,9457.0,1196,28,0.04
Existing Customer,44,M,$80K - $120K,33,2,23665.0,4190,87,0.07
Existing Customer,32,F,Less than $40K,26,2,2778.0,1680,33,0.83
Existing Customer,32,M,$40K - $60K,26,2,2576.0,2880,69,0.68
Existing Customer,63,F,Less than $40K,53,3,2271.0,1550,33,0.56
Existing Customer,46,F,Less than $40K,30,1,5494.0,8328,78,0.39
Attrited Customer,43,F,Unknown,25,2,21961.0,2237,39,0.0
Attrited Customer,48,F,Less than $40K,35,1,10357.0,911,25,0.0
Existing Customer,45,M,$60K - $80K,36,1,14593.0,3447,72,0.1
Attrited Customer,37,F,Unknown,24,2,11239.0,2055,43,0.0
Existing Customer,42,M,$60K - $80K,27,3,13804.0,7376,97,0.14
Attrited Customer,46,M,$80K - $120K,34,3,9959.0,4859,64,0.0
Existing Customer,45,F,Less than $40K,41,2,5596.0,3212,64,0.0
Existing Customer,60,M,Less than $40K,53,3,2402.0,1650,53,0.72
Attrited Customer,47,F,Less than $40K,35,3,5398.0,1887,36,0.0
Existing Customer,50,F,Less than $40K,40,1,3449.0,8300,94,0.47
Existing Customer,52,M,$60K - $80K,47,3,3085.0,1531,35,0.62
Existing Customer,45,F,Less than $40K,26,3,1438.3,3749,77,0.0
Existing Customer,51,M,$60K - $80K,43,2,9619.0,3690,76,0.18
Existing Customer,52,M,$40K - $60K,43,3,8748.0,3533,73,0.26
Existing Customer,56,F,Less than $40K,42,2,3495.0,4466,85,0.41
Existing Customer,58,F,$40K - $60K,46,3,1996.0,3421,55,0.93
Existing Customer,36,M,$40K - $60K,31,3,11558.0,2220,53,0.0
Attrited Customer,58,M,$80K - $120K,47,3,12151.0,918,14,0.15
Existing Customer,44,F,Less than $40K,30,3,2709.0,5056,89,0.64
Attrited Customer,44,M,$60K - $80K,36,3,9114.0,2740,52,0.0
Existing Customer,53,F,$40K - $60K,40,1,2127.0,1363,37,0.94
Existing Customer,42,M,$60K - $80K,36,2,4953.0,4026,53,0.41
Existing Customer,53,M,$60K - $80K,46,2,6658.0,1309,40,0.26
Existing Customer,46,M,$60K - $80K,29,2,3429.0,4591,85,0.0
Existing Customer,48,M,$60K - $80K,37,3,11959.0,1191,40,0.14
Existing Customer,38,F,Less than $40K,29,1,3304.0,5178,79,0.4
Attrited Customer,39,F,Unknown,26,2,4376.0,2862,52,0.2
Attrited Customer,50,F,$40K - $60K,36,3,5349.0,2122,46,0.45
Existing Customer,46,F,Less than $40K,34,2,1438.3,5013,81,0.0
Attrited Customer,49,F,Less than $40K,43,3,1675.0,2622,53,0.0
Existing Customer,53,F,Unknown,45,1,2495.0,1311,31,0.54
Existing Customer,49,F,$40K - $60K,44,2,2578.0,4683,89,0.62
Existing Customer,40,F,Less than $40K,30,1,2019.0,8426,102,0.4
Existing Customer,43,F,Less than $40K,36,2,6979.0,1665,44,0.13
Attrited Customer,32,M,$60K - $80K,24,2,4097.0,8376,64,0.0
Existing Customer,47,M,$60K - $80K,36,3,9132.0,3809,71,0.09
Existing Customer,53,F,Less than $40K,46,1,4117.0,5218,88,0.19
Existing Customer,46,M,$60K - $80K,33,2,21548.0,1582,38,0.06
Existing Customer,62,M,$80K - $120K,49,1,2437.0,1651,32,0.57
Existing Customer,50,F,Less than $40K,43,2,2927.0,1474,26,0.48
Existing Customer,35,F,Less than $40K,36,2,5546.0,1770,46,0.33
Existing Customer,54,M,$80K - $120K,47,1,16494.0,1302,36,0.08
Existing Customer,54,F,$40K - $60K,49,3,5476.0,1532,44,0.46
Existing Customer,41,M,$60K - $80K,36,3,6062.0,3877,66,0.13
Existing Customer,43,M,$60K - $80K,31,3,2834.0,4581,70,0.61
Existing Customer,35,F,Unknown,29,1,2423.0,4651,69,0.0
Existing Customer,46,M,$60K - $80K,35,1,5131.0,7432,92,0.29
Existing Customer,36,M,$80K - $120K,36,3,2607.0,2045,39,0.72
Existing Customer,44,F,$40K - $60K,27,1,3183.0,4017,63,0.79
Existing Customer,57,F,Unknown,46,1,4283.0,4689,65,0.11
Existing Customer,50,M,$120K +,38,4,2123.0,4516,78,0.47
Existing Customer,58,F,$40K - $60K,46,3,1871.0,4553,90,0.72
Existing Customer,51,F,$40K - $60K,45,2,6778.0,3158,71,0.13
Existing Customer,54,F,Unknown,43,3,5839.0,1640,44,0.36
Existing Customer,52,M,$120K +,36,1,2981.0,1648,30,0.46
Existing Customer,43,F,Less than $40K,29,1,2304.0,1273,36,0.69
Attrited Customer,49,F,Less than $40K,38,2,1757.0,2557,45,0.0
Existing Customer,42,M,$60K - $80K,38,1,10239.0,1228,26,0.05
Existing Customer,55,F,$40K - $60K,42,2,5431.0,4569,82,0.37
Existing Customer,46,F,Less than $40K,38,2,2671.0,4519,79,0.64
Attrited Customer,49,F,Less than $40K,36,2,1763.0,2813,43,0.0
Existing Customer,51,F,Less than $40K,47,2,3069.0,4512,83,0.82
Existing Customer,42,F,Less than $40K,33,3,3815.0,4430,94,0.31
Existing Customer,43,F,$40K - $60K,35,3,2297.0,3161,65,0.46
Attrited Customer,42,F,$40K - $60K,37,3,4139.0,2232,41,0.0
Existing Customer,39,F,Less than $40K,36,3,2650.0,4512,80,0.62
Existing Customer,41,F,Less than $40K,33,2,2888.0,4713,77,0.28
Existing Customer,43,F,Less than $40K,38,2,2655.0,4025,62,0.62
Existing Customer,42,F,Less than $40K,18,1,1694.0,3857,70,0.63
Existing Customer,55,M,$80K - $120K,43,2,21351.0,1887,32,0.12
Existing Customer,59,F,Unknown,52,2,3578.0,4065,79,0.18
Existing Customer,46,M,$60K - $80K,36,1,5489.0,3215,64,0.22
Existing Customer,44,F,Less than $40K,39,1,2771.0,8268,73,0.64
Existing Customer,43,M,$120K +,31,3,1438.3,1867,45,0.0
Existing Customer,41,F,Less than $40K,36,2,2359.0,5232,78,0.64
Existing Customer,46,M,$60K - $80K,36,2,15405.0,1763,44,0.11
Existing Customer,39,F,Less than $40K,31,2,1862.0,5105,79,0.39
Existing Customer,42,F,$40K - $60K,28,2,2827.0,3891,81,0.67
Existing Customer,49,M,$80K - $120K,30,2,20895.0,3210,65,0.09
Existing Customer,43,F,Less than $40K,32,3,4204.0,3799,85,0.0
Existing Customer,36,F,Less than $40K,26,3,2517.0,3569,62,0.0
Attrited Customer,45,M,$80K - $120K,39,3,8383.0,2600,44,0.0
Existing Customer,32,F,Less than $40K,23,2,2156.0,4106,66,0.52
Existing Customer,52,F,$40K - $60K,42,3,3028.0,4119,81,0.75
Existing Customer,55,M,$80K - $120K,47,2,3436.0,1097,33,0.59
Existing Customer,40,M,$80K - $120K,28,2,19279.0,1777,56,0.07
Existing Customer,41,F,$40K - $60K,33,3,6230.0,3769,77,0.19
Existing Customer,43,M,$60K - $80K,30,2,1438.3,5200,89,0.0
Existing Customer,62,F,$40K - $60K,49,1,1540.0,3714,56,0.52
Existing Customer,51,M,$60K - $80K,37,1,8511.0,3775,62,0.0
Existing Customer,43,F,Less than $40K,28,1,1438.3,4482,54,0.0
Existing Customer,46,F,Unknown,36,3,6853.0,3543,52,0.24
Existing Customer,52,M,$120K +,44,1,9274.0,2048,59,0.23
Existing Customer,38,M,$80K - $120K,32,2,3192.0,4236,87,0.79
Existing Customer,53,F,Less than $40K,33,2,2255.0,4270,76,0.73
Existing Customer,48,F,Unknown,37,2,3829.0,4313,85,0.22
Existing Customer,55,M,$80K - $120K,44,3,2663.0,4317,81,0.67
Existing Customer,46,M,$60K - $80K,34,2,9451.0,3179,79,0.14
Existing Customer,46,M,$40K - $60K,36,2,4707.0,3188,71,0.24
Existing Customer,47,M,$80K - $120K,34,1,20620.0,1477,23,0.05
Existing Customer,42,M,$40K - $60K,37,3,2247.0,1300,31,0.46
Existing Customer,34,M,$40K - $60K,26,1,1438.3,2243,43,0.49
Existing Customer,38,M,$120K +,29,1,2818.0,2916,45,0.59
Existing Customer,52,F,$40K - $60K,40,3,1438.3,4700,92,0.0
Existing Customer,57,F,$40K - $60K,36,4,4784.0,4912,82,0.34
Existing Customer,54,M,$120K +,42,3,3092.0,1369,37,0.7
Attrited Customer,44,M,$60K - $80K,33,2,2540.0,1531,31,0.0
Existing Customer,55,F,Less than $40K,39,2,2426.0,5175,82,0.66
Existing Customer,44,M,$80K - $120K,34,4,22074.0,4406,80,0.0
Existing Customer,41,M,$60K - $80K,31,1,8228.0,4933,68,0.24
Existing Customer,60,F,Less than $40K,49,1,3955.0,1560,43,0.51
Existing Customer,41,M,$80K - $120K,28,3,7142.0,7892,83,0.27
Existing Customer,46,F,Less than $40K,41,2,1937.0,4303,89,0.47
Existing Customer,50,F,Unknown,36,3,2521.0,1328,33,0.64
Existing Customer,41,F,$40K - $60K,25,2,2768.0,5112,86,0.8
Existing Customer,51,M,$80K - $120K,39,1,8924.0,4441,87,0.0
Existing Customer,53,F,Less than $40K,41,2,3472.0,4520,84,0.72
Attrited Customer,43,F,Less than $40K,32,3,1628.0,2219,49,0.17
Existing Customer,47,F,Less than $40K,35,3,2793.0,3485,72,0.54
Attrited Customer,45,M,$80K - $120K,36,3,3845.0,2174,39,0.0
Existing Customer,46,M,$60K - $80K,33,2,12745.0,4380,80,0.0
Existing Customer,33,F,Less than $40K,24,2,12956.0,2492,56,0.0
Existing Customer,35,M,$60K - $80K,25,1,14365.0,2290,62,0.0
Existing Customer,36,F,Less than $40K,28,1,1967.0,4620,77,0.0
Existing Customer,47,M,$120K +,41,2,10614.0,4601,77,0.07
Existing Customer,60,F,$40K - $60K,36,3,3959.0,4935,92,0.0
Existing Customer,45,F,Less than $40K,33,1,1830.0,4838,71,0.36
Existing Customer,47,F,$40K - $60K,33,2,9148.0,3451,59,0.06
Existing Customer,50,F,Less than $40K,38,4,7398.0,4311,73,0.21
Existing Customer,41,F,Less than $40K,32,3,2225.0,4917,84,0.0
Existing Customer,49,F,$40K - $60K,30,3,2765.0,4629,58,0.44
Existing Customer,55,F,Less than $40K,36,2,3035.0,1877,37,0.76
Attrited Customer,35,M,$80K - $120K,27,2,2904.0,2653,46,0.87
Existing Customer,35,M,$60K - $80K,30,1,8547.0,1311,33,0.2
Existing Customer,57,F,Unknown,36,4,2312.0,5104,82,0.77
Existing Customer,49,F,Less than $40K,43,1,7037.0,7678,93,0.0
Existing Customer,41,F,Less than $40K,31,3,2934.0,4253,66,0.32
Existing Customer,60,M,$40K - $60K,36,3,5420.0,3477,60,0.0
Existing Customer,45,F,Unknown,27,3,2478.0,4353,80,0.7
Existing Customer,36,M,$60K - $80K,36,2,5497.0,1981,38,0.28
Existing Customer,36,M,$40K - $60K,28,1,2157.0,1663,33,0.27
Existing Customer,38,F,Less than $40K,31,3,1854.0,5245,89,0.0
Existing Customer,46,F,Less than $40K,41,1,1489.0,4669,94,0.64
Existing Customer,50,F,Unknown,38,2,2808.0,5137,81,0.61
Existing Customer,44,M,$80K - $120K,36,2,2509.0,3166,72,0.58
Existing Customer,43,M,$80K - $120K,36,2,14418.0,3880,68,0.0
Attrited Customer,43,M,$80K - $120K,34,4,4617.0,1779,35,0.22
Existing Customer,51,M,$80K - $120K,39,3,9773.0,3578,71,0.2
Existing Customer,61,F,Less than $40K,48,3,3156.0,1376,44,0.68
Existing Customer,46,M,$80K - $120K,36,3,17698.0,8056,95,0.1
Existing Customer,28,F,Less than $40K,23,1,2543.0,3864,64,0.46
Existing Customer,33,M,$80K - $120K,28,2,22399.0,2390,62,0.06
Existing Customer,52,M,$60K - $80K,36,2,9137.0,4626,77,0.19
Existing Customer,44,M,$80K - $120K,35,3,18358.0,3920,85,0.06
Existing Customer,48,M,$60K - $80K,38,2,11596.0,4686,67,0.11
Existing Customer,46,F,Less than $40K,40,4,1438.3,4283,88,0.0
Existing Customer,40,F,Unknown,31,3,15970.0,1260,32,0.08
Attrited Customer,50,M,$120K +,42,3,1656.0,2073,44,0.0
Existing Customer,42,M,$40K - $60K,33,3,5306.0,7437,94,0.45
Existing Customer,36,F,Less than $40K,30,1,5494.0,2661,58,0.38
Existing Customer,46,M,$80K - $120K,35,3,11096.0,3949,69,0.0
Existing Customer,52,F,Less than $40K,42,3,5456.0,3470,65,0.0
Existing Customer,39,M,Less than $40K,28,3,4683.0,2010,45,0.54
Existing Customer,59,M,$40K - $60K,36,2,2300.0,1693,27,0.85
Existing Customer,43,M,$60K - $80K,36,1,5427.0,4328,73,0.4
Existing Customer,40,F,Less than $40K,27,4,2035.0,4107,82,0.0
Existing Customer,56,F,Less than $40K,44,4,2030.0,4851,84,0.62
Existing Customer,38,F,Less than $40K,32,3,2264.0,1204,28,0.0
Existing Customer,36,F,Less than $40K,28,3,4824.0,1516,32,0.52
Existing Customer,56,F,$40K - $60K,44,2,2610.0,4127,69,0.76
Existing Customer,46,F,Less than $40K,39,2,7128.0,3534,70,0.2
Existing Customer,44,M,$60K - $80K,32,3,11651.0,3870,64,0.12
Attrited Customer,49,F,Less than $40K,35,1,2214.0,2144,51,0.41
Existing Customer,46,M,$40K - $60K,40,2,7333.0,3636,48,0.12
Attrited Customer,46,F,Less than $40K,36,2,3138.0,4724,56,0.31
Attrited Customer,49,F,Less than $40K,37,2,6184.0,1756,49,0.0
Existing Customer,43,M,$60K - $80K,36,2,4255.0,3607,75,0.41
Existing Customer,40,M,$80K - $120K,36,3,3624.0,4749,82,0.0
Existing Customer,44,F,Unknown,34,4,2105.0,4190,67,0.0
Existing Customer,55,F,Less than $40K,44,2,2638.0,4153,77,0.54
Existing Customer,53,F,Less than $40K,36,3,1438.3,4704,79,0.44
Existing Customer,57,M,$120K +,36,2,23700.0,1644,28,0.06
Existing Customer,44,F,Less than $40K,34,2,2718.0,4423,68,0.63
Existing Customer,48,F,Unknown,39,1,6130.0,4264,63,0.28
Existing Customer,54,M,$80K - $120K,42,1,9642.0,1401,35,0.26
Existing Customer,52,F,Less than $40K,42,3,3103.0,4641,80,0.81
Existing Customer,53,M,$120K +,33,3,21006.0,1856,57,0.09
Existing Customer,50,M,$80K - $120K,45,2,1687.0,4342,82,0.59
Existing Customer,51,M,$80K - $120K,41,3,5638.0,2036,50,0.14
Existing Customer,56,F,Unknown,51,1,3334.0,4284,73,0.38
Existing Customer,47,F,Less than $40K,36,3,2780.0,4980,78,0.8
Attrited Customer,53,F,Less than $40K,36,3,3918.0,2115,42,0.64
Existing Customer,49,M,$60K - $80K,36,2,17811.0,3748,79,0.04
Existing Customer,38,F,$40K - $60K,19,1,5559.0,5344,82,0.29
Attrited Customer,41,M,$60K - $80K,34,2,5045.0,2042,40,0.41
Existing Customer,43,F,Unknown,38,3,2960.0,3921,63,0.63
Existing Customer,44,F,Less than $40K,31,2,1550.0,4534,87,0.46
Existing Customer,42,F,Less than $40K,36,2,1734.0,4092,76,0.0
Existing Customer,49,M,$60K - $80K,43,4,15377.0,1848,49,0.1
Existing Customer,49,M,$120K +,38,3,18991.0,7716,83,0.06
Existing Customer,43,M,$60K - $80K,30,2,19711.0,3602,72,0.0
Existing Customer,50,M,$80K - $120K,41,3,23209.0,3530,71,0.06
Attrited Customer,59,F,$40K - $60K,40,4,1438.3,689,23,0.0
Existing Customer,47,M,$60K - $80K,36,2,13867.0,4297,68,0.0
Existing Customer,54,F,Less than $40K,44,2,2027.0,1702,37,0.73
Existing Customer,38,F,Less than $40K,33,3,2206.0,1739,35,0.92
Existing Customer,52,M,$80K - $120K,44,2,2650.0,4218,64,0.4
Existing Customer,49,M,$60K - $80K,37,1,4854.0,3651,70,0.25
Attrited Customer,57,F,Less than $40K,43,3,1462.0,2299,42,0.0
Existing Customer,42,M,$40K - $60K,32,2,2807.0,1346,26,0.66
Existing Customer,47,M,$120K +,35,3,3636.0,1564,59,0.28
Existing Customer,44,F,Less than $40K,33,3,2337.0,4048,83,0.3
Attrited Customer,39,M,$80K - $120K,31,3,3929.0,7773,64,0.14
Existing Customer,38,M,$60K - $80K,32,1,7709.0,2520,61,0.29
Existing Customer,48,M,$40K - $60K,38,4,5219.0,3481,78,0.21
Existing Customer,43,F,Unknown,36,3,9851.0,1212,24,0.0
Existing Customer,34,F,Less than $40K,23,3,2164.0,5075,71,0.54
Existing Customer,33,F,$40K - $60K,36,2,2748.0,4314,75,0.68
Existing Customer,37,F,Less than $40K,31,3,2005.0,2439,61,0.76
Attrited Customer,42,F,$40K - $60K,36,3,2705.0,2602,43,0.9
Attrited Customer,44,F,Less than $40K,34,3,1751.0,2078,37,0.0
Existing Customer,38,F,Less than $40K,28,4,1438.3,4815,81,0.0
Existing Customer,46,M,$80K - $120K,40,3,3673.0,1257,34,0.62
Existing Customer,54,M,$60K - $80K,49,1,5269.0,2195,63,0.21
Existing Customer,47,M,$80K - $120K,36,1,18037.0,1387,36,0.0
Existing Customer,46,M,$60K - $80K,29,3,5735.0,3908,75,0.42
Existing Customer,44,F,Less than $40K,34,1,3226.0,4317,81,0.78
Existing Customer,38,F,Less than $40K,26,2,4002.0,2114,53,0.35
Attrited Customer,35,M,$80K - $120K,27,2,3575.0,861,15,0.53
Existing Customer,35,M,Less than $40K,36,3,2311.0,4730,89,0.53
Existing Customer,53,F,Less than $40K,44,1,4737.0,7802,88,0.35
Attrited Customer,40,F,Less than $40K,31,3,2391.0,2857,40,0.0
Existing Customer,32,F,$40K - $60K,26,3,3174.0,4508,83,0.66
Existing Customer,62,F,$40K - $60K,43,1,4760.0,1459,20,0.0
Attrited Customer,41,F,$40K - $60K,33,3,1604.0,2264,47,0.0
Existing Customer,65,F,Less than $40K,36,2,4182.0,4046,57,0.0
Existing Customer,44,F,Unknown,40,1,7212.0,5169,82,0.14
Existing Customer,43,F,Less than $40K,36,3,7584.0,4783,65,0.24
Existing Customer,44,F,Unknown,34,2,10100.0,1052,18,0.0
Existing Customer,47,F,Less than $40K,29,2,2897.0,4491,75,0.22
Existing Customer,45,F,Less than $40K,36,1,3349.0,4405,55,0.75
Existing Customer,44,F,Less than $40K,36,3,1699.0,5495,87,0.0
Existing Customer,42,F,Less than $40K,31,2,13441.0,1894,49,0.19
Attrited Customer,31,M,Less than $40K,21,2,3768.0,6639,71,0.0
Existing Customer,38,F,Less than $40K,36,2,2396.0,4593,74,0.92
Existing Customer,52,F,Unknown,40,3,10317.0,3939,60,0.06
Attrited Customer,35,F,Less than $40K,25,2,2231.0,2576,42,0.8
Existing Customer,54,M,$60K - $80K,36,3,11067.0,1843,38,0.23
Existing Customer,53,F,$40K - $60K,41,1,9815.0,7962,89,0.17
Existing Customer,50,F,Less than $40K,40,2,2925.0,3913,47,0.71
Existing Customer,43,F,Less than $40K,31,4,1477.0,4802,82,0.0
Attrited Customer,55,F,Less than $40K,49,1,1583.0,2541,36,0.15
Existing Customer,58,M,$60K - $80K,53,2,1438.3,1539,40,0.0
Existing Customer,37,F,Less than $40K,36,2,2588.0,4159,83,0.69
Existing Customer,41,F,Less than $40K,28,1,2354.0,4048,61,0.81
Attrited Customer,50,M,$60K - $80K,38,3,7603.0,2497,42,0.1
Existing Customer,61,M,$40K - $60K,47,3,1438.3,1397,43,0.59
Existing Customer,49,M,$80K - $120K,36,3,3989.0,5189,82,0.63
Existing Customer,44,M,$60K - $80K,38,1,2440.0,4382,88,0.62
Existing Customer,40,M,$40K - $60K,36,2,6033.0,4505,74,0.0
Attrited Customer,44,F,Less than $40K,25,2,3101.0,2512,37,0.0
Existing Customer,34,M,Unknown,36,4,22886.0,2652,61,0.04
Existing Customer,54,F,Unknown,49,1,11905.0,4022,65,0.0
Existing Customer,41,M,$40K - $60K,32,2,10266.0,1720,42,0.14
Existing Customer,53,M,$80K - $120K,43,2,4039.0,1494,36,0.35
Existing Customer,48,F,Less than $40K,38,1,3541.0,3410,69,0.41
Existing Customer,60,M,Less than $40K,49,2,2094.0,1969,41,0.74
Existing Customer,53,F,$40K - $60K,47,3,6605.0,2017,47,0.22
Existing Customer,49,M,$60K - $80K,30,3,1579.0,4354,70,0.57
Attrited Customer,48,F,Less than $40K,36,2,2700.0,2396,49,0.92
Existing Customer,57,F,Less than $40K,49,2,1781.0,4593,81,0.0
Existing Customer,48,M,$80K - $120K,36,3,2852.0,1382,40,0.26
Existing Customer,45,M,$120K +,40,4,16476.0,4717,71,0.08
Attrited Customer,39,F,Less than $40K,36,3,1817.0,2216,44,0.0
Attrited Customer,62,F,Less than $40K,50,3,2936.0,2692,29,0.11
Existing Customer,57,M,$80K - $120K,50,2,4522.0,1806,38,0.41
Existing Customer,41,F,Less than $40K,28,3,2665.0,4500,71,0.73
Existing Customer,47,M,$60K - $80K,36,2,2926.0,1304,24,0.0
Existing Customer,56,F,Less than $40K,36,1,3652.0,1561,39,0.37
Existing Customer,54,M,$120K +,45,1,5597.0,4844,58,0.0
Existing Customer,44,M,$80K - $120K,33,3,4131.0,906,22,0.19
Existing Customer,57,F,Unknown,51,1,8362.0,1175,41,0.0
Existing Customer,30,F,Unknown,18,2,9641.0,4710,75,0.0
Existing Customer,40,F,Less than $40K,26,1,7291.0,2198,56,0.34
Existing Customer,53,M,$80K - $120K,43,1,6704.0,1331,30,0.2
Attrited Customer,42,F,$40K - $60K,33,3,2918.0,2056,54,0.0
Attrited Customer,56,M,$60K - $80K,43,2,4535.0,2342,40,0.0
Existing Customer,47,F,Less than $40K,42,3,1438.3,4624,73,0.0
Existing Customer,54,F,Less than $40K,40,2,2178.0,1724,47,0.52
Existing Customer,46,M,$60K - $80K,37,3,10074.0,8256,99,0.12
Existing Customer,40,F,Less than $40K,35,1,2448.0,1269,30,0.69
Existing Customer,60,F,Less than $40K,50,3,3426.0,4467,69,0.48
Attrited Customer,42,F,$40K - $60K,36,2,1438.3,2191,51,0.0
Existing Customer,52,M,$60K - $80K,36,3,18336.0,7509,84,0.11
Existing Customer,40,F,$40K - $60K,36,3,3144.0,4758,67,0.57
Existing Customer,38,M,$60K - $80K,26,4,5824.0,1801,44,0.26
Existing Customer,60,F,Less than $40K,36,2,2688.0,4183,71,0.6
Existing Customer,49,F,Less than $40K,36,4,2505.0,4109,61,0.0
Existing Customer,37,F,$40K - $60K,29,2,4394.0,1377,32,0.2
Existing Customer,47,F,Less than $40K,34,2,8109.0,3609,77,0.07
Existing Customer,48,M,$40K - $60K,41,2,2582.0,2144,42,0.54
Existing Customer,45,F,$40K - $60K,40,2,15785.0,8097,105,0.07
Attrited Customer,52,M,$80K - $120K,44,3,11606.0,2623,39,0.0
Existing Customer,44,F,$40K - $60K,38,3,7881.0,3068,77,0.32
Existing Customer,35,F,Less than $40K,30,1,1438.3,4006,72,0.0
Existing Customer,50,F,Less than $40K,46,2,2081.0,1337,29,0.59
Existing Customer,48,M,$60K - $80K,37,1,13197.0,8424,84,0.0
Existing Customer,47,M,$60K - $80K,34,3,9261.0,2468,44,0.17
Existing Customer,49,M,$120K +,41,1,7184.0,3244,58,0.17
Attrited Customer,48,M,$60K - $80K,28,2,9405.0,4801,47,0.0
Existing Customer,59,M,$40K - $60K,46,3,1648.0,1776,36,0.6
Existing Customer,63,F,Less than $40K,53,1,2675.0,1959,56,0.94
Existing Customer,54,M,$60K - $80K,43,3,6224.0,2187,58,0.3
Existing Customer,45,M,$80K - $120K,35,2,2226.0,4928,77,0.55
Existing Customer,45,M,$40K - $60K,39,1,15198.0,3183,64,0.14
Existing Customer,45,F,$40K - $60K,36,4,1438.3,5136,81,0.69
Existing Customer,44,M,$40K - $60K,29,1,19360.0,3966,78,0.04
Existing Customer,60,F,Unknown,51,3,23566.0,4274,64,0.05
Existing Customer,41,F,Less than $40K,32,3,3189.0,4813,86,0.0
Existing Customer,51,M,$40K - $60K,36,3,5000.0,4077,81,0.19
Existing Customer,44,M,$60K - $80K,28,2,11338.0,1227,24,0.0
Existing Customer,36,M,$120K +,26,2,17116.0,2547,45,0.06
Existing Customer,44,M,$80K - $120K,38,3,9183.0,4503,69,0.24
Existing Customer,38,M,$40K - $60K,31,3,6116.0,1592,32,0.28
Existing Customer,50,M,$80K - $120K,36,2,2418.0,3896,58,0.71
Attrited Customer,56,F,$40K - $60K,44,3,1544.0,1902,35,0.0
Existing Customer,33,F,Unknown,36,2,2279.0,4169,74,0.63
Existing Customer,50,M,$60K - $80K,46,1,3640.0,3756,70,0.18
Existing Customer,45,M,$60K - $80K,35,3,17884.0,2031,49,0.12
Existing Customer,31,M,$40K - $60K,26,1,2037.0,2563,64,0.0
Existing Customer,65,F,Less than $40K,36,3,1438.3,948,24,0.52
Existing Customer,44,M,Less than $40K,33,2,6130.0,3411,78,0.13
Existing Customer,45,F,Less than $40K,25,2,3518.0,4034,82,0.58
Existing Customer,44,F,Less than $40K,36,3,2333.0,1198,31,0.64
Existing Customer,26,F,Unknown,36,3,7595.0,4080,72,0.14
Existing Customer,52,F,Unknown,40,2,1438.3,4991,78,0.85
Existing Customer,49,F,$40K - $60K,42,3,5129.0,3192,61,0.32
Existing Customer,42,F,$40K - $60K,27,1,1950.0,3873,76,0.55
Existing Customer,46,F,Less than $40K,38,3,4317.0,1619,36,0.58
Existing Customer,59,M,$120K +,48,3,17999.0,4740,78,0.1
Existing Customer,45,F,Less than $40K,36,4,2632.0,4787,89,0.56
Existing Customer,35,F,Less than $40K,36,3,5931.0,2730,71,0.0
Attrited Customer,43,M,$120K +,30,2,17228.0,2229,44,0.08
Existing Customer,37,F,$40K - $60K,30,4,3417.0,1641,32,0.74
Attrited Customer,58,F,Unknown,50,2,8513.0,2119,37,0.09
Attrited Customer,42,M,$40K - $60K,36,2,10543.0,1841,39,0.0
Existing Customer,56,F,Unknown,36,2,4263.0,4876,70,0.0
Existing Customer,41,M,$40K - $60K,22,2,1438.3,4439,81,0.0
Existing Customer,47,M,$80K - $120K,34,3,18178.0,1837,37,0.0
Existing Customer,49,F,$40K - $60K,39,3,2720.0,3806,61,0.71
Attrited Customer,39,F,$40K - $60K,28,3,3911.0,2867,42,0.0
Existing Customer,56,M,$60K - $80K,36,1,9226.0,1626,29,0.13
Existing Customer,49,F,Less than $40K,35,2,5195.0,3313,69,0.0
Attrited Customer,38,M,$60K - $80K,26,2,11252.0,1766,31,0.1
Existing Customer,38,M,$80K - $120K,19,2,1518.0,3595,65,0.74
Existing Customer,44,F,Unknown,36,1,8729.0,5347,96,0.16
Existing Customer,51,M,$80K - $120K,43,2,10458.0,3481,51,0.0
Existing Customer,51,F,Less than $40K,40,3,1438.3,4263,84,0.8
Existing Customer,47,M,$80K - $120K,38,3,18432.0,2748,58,0.08
Existing Customer,42,F,Less than $40K,30,3,8325.0,8198,90,0.0
Attrited Customer,56,M,$120K +,46,4,7327.0,2185,41,0.0
Existing Customer,52,F,Less than $40K,45,3,2261.0,4456,68,0.5
Existing Customer,58,F,Less than $40K,53,3,2669.0,4863,79,0.77
Attrited Customer,45,F,Less than $40K,25,2,5911.0,1656,31,0.16
Existing Customer,57,F,$40K - $60K,41,3,3667.0,5322,79,0.22
Existing Customer,38,F,$40K - $60K,27,2,1776.0,4350,71,0.89
Existing Customer,45,M,$120K +,38,1,9036.0,8356,79,0.0
Existing Customer,43,M,$80K - $120K,32,2,8333.0,3889,81,0.09
Existing Customer,54,M,$120K +,41,3,21592.0,1873,52,0.08
Existing Customer,55,F,Unknown,36,3,7790.0,4835,84,0.1
Attrited Customer,41,F,Unknown,28,1,4411.0,803,15,0.57
Attrited Customer,47,F,$40K - $60K,34,3,23981.0,4536,61,0.0
Attrited Customer,44,M,$120K +,36,3,7793.0,8260,54,0.29
Attrited Customer,49,F,$40K - $60K,43,3,4048.0,2227,41,0.0
Existing Customer,42,F,$40K - $60K,23,2,2647.0,4911,82,0.47
Existing Customer,42,M,$60K - $80K,36,2,3591.0,5079,80,0.49
Attrited Customer,46,F,Less than $40K,34,3,1438.3,2658,43,0.0
Existing Customer,46,F,Unknown,39,3,3257.0,4042,85,0.0
Attrited Customer,41,F,Less than $40K,36,3,2372.0,2499,41,0.0
Existing Customer,48,M,$80K - $120K,37,3,6593.0,3520,69,0.0
Existing Customer,45,F,Unknown,36,3,11189.0,2959,58,0.22
Attrited Customer,37,F,Unknown,18,1,2179.0,2568,48,0.0
Existing Customer,37,M,$80K - $120K,28,2,12222.0,4215,63,0.0
Existing Customer,50,F,Less than $40K,38,1,2623.0,5237,76,0.65
Existing Customer,42,M,$80K - $120K,36,1,3046.0,4711,77,0.4
Existing Customer,52,F,Less than $40K,36,3,2451.0,5283,90,0.71
Existing Customer,41,M,$80K - $120K,26,3,11806.0,1465,31,0.15
Attrited Customer,40,F,$40K - $60K,25,2,3795.0,1633,32,0.66
Existing Customer,60,M,$60K - $80K,48,4,10886.0,3488,66,0.1
Existing Customer,38,F,$40K - $60K,25,2,1438.3,3990,75,0.0
Existing Customer,53,F,Less than $40K,42,1,2915.0,4272,70,0.7
Attrited Customer,53,F,Less than $40K,40,1,1438.3,2014,53,0.0
Attrited Customer,58,F,Less than $40K,36,2,7418.0,911,26,0.05
Attrited Customer,48,M,$80K - $120K,41,3,4806.0,1771,35,0.28
Existing Customer,50,M,$40K - $60K,43,2,3525.0,4742,62,0.0
Existing Customer,56,M,$60K - $80K,46,2,5248.0,2305,45,0.35
Existing Customer,54,F,Unknown,45,3,7563.0,4175,67,0.19
Existing Customer,47,M,$80K - $120K,36,3,21637.0,1222,23,0.09
Existing Customer,45,M,$60K - $80K,35,1,10699.0,5052,61,0.1
Existing Customer,51,M,$120K +,36,2,18733.0,5080,85,0.07
Existing Customer,56,M,$60K - $80K,36,2,18776.0,4464,75,0.0
Existing Customer,44,F,Unknown,24,3,2717.0,4196,71,0.63
Existing Customer,39,M,$60K - $80K,26,1,2731.0,1813,38,0.58
Attrited Customer,50,M,$120K +,36,2,7970.0,1872,41,0.29
Existing Customer,44,F,Less than $40K,24,1,9297.0,1264,31,0.18
Existing Customer,46,F,Less than $40K,41,1,8693.0,1594,45,0.16
Existing Customer,50,F,Less than $40K,31,2,2080.0,5130,82,0.86
Existing Customer,56,M,$60K - $80K,49,1,1438.3,1093,22,0.0
Existing Customer,48,M,$40K - $60K,36,3,9617.0,4247,76,0.21
Existing Customer,46,M,$40K - $60K,37,2,2375.0,4087,66,0.5
Existing Customer,50,F,Less than $40K,44,1,2602.0,5532,85,0.62
Attrited Customer,57,F,Unknown,36,4,8389.0,1334,38,0.23
Existing Customer,38,M,$60K - $80K,36,3,6692.0,1468,36,0.3
Existing Customer,40,M,$40K - $60K,30,2,4802.0,4821,66,0.35
Existing Customer,46,M,$60K - $80K,37,1,2695.0,4068,53,0.62
Existing Customer,36,M,$40K - $60K,36,1,9887.0,2552,64,0.1
Existing Customer,36,M,$80K - $120K,26,2,9959.0,2021,41,0.0
Existing Customer,40,F,Less than $40K,36,2,6540.0,7919,88,0.0
Existing Customer,40,F,Unknown,30,2,1438.3,2258,59,0.0
Existing Customer,39,M,$60K - $80K,26,2,4534.0,4211,66,0.2
Attrited Customer,44,F,Unknown,33,3,1438.3,2316,48,0.0
Existing Customer,40,F,Unknown,27,3,8494.0,4486,77,0.24
Existing Customer,40,F,Less than $40K,36,3,4712.0,4216,82,0.0
Existing Customer,57,F,Less than $40K,36,1,3532.0,4297,64,0.25
Existing Customer,54,F,Less than $40K,44,3,3947.0,1110,21,0.44
Existing Customer,45,F,Less than $40K,33,3,2740.0,4327,70,0.65
Existing Customer,51,M,$80K - $120K,41,2,18749.0,1381,33,0.07
Existing Customer,61,M,$120K +,36,3,24172.0,1658,27,0.1
Attrited Customer,46,F,Less than $40K,36,3,1731.0,2304,46,0.0
Existing Customer,58,F,Less than $40K,46,1,11684.0,4900,61,0.06
Existing Customer,51,F,Less than $40K,41,2,1519.0,4927,73,0.76
Existing Customer,44,F,Unknown,36,1,8482.0,4076,81,0.0
Attrited Customer,30,M,Less than $40K,36,2,5061.0,1309,38,0.0
Attrited Customer,51,M,$80K - $120K,47,4,4041.0,8219,84,0.0
Existing Customer,40,M,$80K - $120K,27,3,22863.0,4071,69,0.04
Existing Customer,46,F,Unknown,38,3,13816.0,4238,73,0.07
Existing Customer,50,M,$40K - $60K,45,3,6943.0,4946,80,0.09
Existing Customer,48,F,Less than $40K,38,2,1449.0,4039,50,0.52
Existing Customer,41,M,$60K - $80K,33,1,9246.0,4611,91,0.0
Existing Customer,50,F,Less than $40K,42,1,7115.0,3584,57,0.28
Existing Customer,58,F,Less than $40K,48,2,2628.0,4335,76,0.59
Existing Customer,39,F,Less than $40K,30,2,10190.0,3768,59,0.09
Existing Customer,35,M,$80K - $120K,36,2,15279.0,2079,57,0.1
Existing Customer,51,F,$40K - $60K,43,1,2180.0,4348,77,0.86
Existing Customer,43,M,$80K - $120K,38,2,20348.0,1624,27,0.08
Attrited Customer,38,M,$120K +,30,3,4043.0,2600,47,0.62
Existing Customer,50,F,Unknown,41,2,15641.0,3769,76,0.15
Existing Customer,45,M,$60K - $80K,26,2,3035.0,4275,67,0.49
Existing Customer,35,M,$60K - $80K,24,2,2066.0,1895,43,0.82
Existing Customer,50,F,$40K - $60K,36,1,2560.0,4456,70,0.71
Existing Customer,29,F,Unknown,36,2,13613.0,4253,84,0.09
Existing Customer,32,F,Less than $40K,20,2,2234.0,2115,59,0.84
Existing Customer,45,F,Less than $40K,36,1,7924.0,3270,58,0.24
Existing Customer,54,F,$40K - $60K,49,1,1626.0,4830,87,0.0
Existing Customer,44,F,Unknown,40,1,3269.0,5022,85,0.0
Existing Customer,41,M,$80K - $120K,34,3,19110.0,4478,76,0.13
Existing Customer,55,M,$60K - $80K,36,3,2243.0,1334,31,0.63
Existing Customer,51,M,$40K - $60K,44,1,6205.0,1347,28,0.36
Attrited Customer,56,F,Unknown,36,3,10016.0,2804,37,0.19
Existing Customer,40,F,Unknown,28,3,1622.0,4216,71,0.6
Existing Customer,65,F,$40K - $60K,53,1,2418.0,3918,74,0.91
Attrited Customer,38,F,Less than $40K,26,2,3554.0,2372,44,0.0
Existing Customer,39,F,Less than $40K,31,2,3390.0,5001,82,0.66
Existing Customer,49,F,Less than $40K,44,1,8256.0,1291,33,0.1
Existing Customer,51,F,Less than $40K,40,3,7540.0,4755,58,0.1
Existing Customer,48,F,Less than $40K,36,3,5483.0,2051,49,0.1
Existing Customer,46,F,Unknown,40,1,3595.0,4534,71,0.3
Attrited Customer,58,F,Less than $40K,52,1,1817.0,2347,45,0.0
Attrited Customer,41,F,Less than $40K,28,2,1478.0,2180,46,0.36
Attrited Customer,54,F,Unknown,44,3,6094.0,909,14,0.0
Attrited Customer,48,M,$80K - $120K,44,3,9524.0,7527,58,0.15
Existing Customer,51,M,$60K - $80K,36,1,3451.0,4097,67,0.58
Existing Customer,46,M,$80K - $120K,36,3,2790.0,3392,86,0.78
Existing Customer,40,F,$40K - $60K,20,2,2037.0,4574,84,0.66
Attrited Customer,62,F,Less than $40K,52,2,2490.0,864,20,0.21
Existing Customer,43,F,Less than $40K,34,2,8771.0,3779,72,0.19
Existing Customer,64,M,Less than $40K,52,4,1709.0,1673,32,0.52
Existing Customer,60,M,$60K - $80K,50,1,9033.0,1661,35,0.09
Existing Customer,36,F,Less than $40K,24,1,3124.0,1652,41,0.51
Existing Customer,47,M,$80K - $120K,36,3,8217.0,1848,56,0.0
Existing Customer,41,F,$40K - $60K,32,1,3104.0,4699,77,0.63
Attrited Customer,63,M,$60K - $80K,52,4,14324.0,2083,56,0.18
Existing Customer,52,M,$60K - $80K,47,3,8185.0,4525,77,0.12
Existing Customer,44,F,Less than $40K,37,2,5594.0,5220,75,0.22
Existing Customer,37,F,Less than $40K,36,1,2509.0,1804,38,0.46
Existing Customer,38,M,$80K - $120K,29,3,2155.0,3781,61,0.6
Attrited Customer,49,F,Less than $40K,41,3,1603.0,2644,43,0.47
Existing Customer,43,M,$60K - $80K,33,2,6854.0,4578,72,0.0
Existing Customer,37,F,Unknown,20,2,9466.0,2503,70,0.0
Existing Customer,57,M,$80K - $120K,39,1,1438.3,5140,82,0.45
Existing Customer,65,F,Less than $40K,49,2,3297.0,1894,56,0.7
Existing Customer,42,F,Unknown,31,2,6751.0,7921,93,0.18
Existing Customer,52,F,Less than $40K,34,4,2001.0,4026,86,0.48
Existing Customer,45,M,Less than $40K,32,2,6637.0,1801,48,0.0
Existing Customer,44,M,$80K - $120K,34,1,7150.0,3636,69,0.26
Existing Customer,40,M,$80K - $120K,36,1,2126.0,2992,72,0.62
Attrited Customer,40,M,$80K - $120K,36,4,8958.0,2131,43,0.0
Existing Customer,56,F,$40K - $60K,46,3,2402.0,4610,76,0.79
Attrited Customer,40,F,Less than $40K,25,2,1438.3,2493,42,0.0
Existing Customer,44,M,$80K - $120K,36,2,19430.0,3650,80,0.0
Existing Customer,46,F,Unknown,38,2,16815.0,2976,65,0.0
Existing Customer,42,F,Less than $40K,37,1,6453.0,4822,74,0.0
Existing Customer,45,F,Less than $40K,34,4,2480.0,4114,66,0.76
Existing Customer,46,M,$60K - $80K,35,1,1535.0,1848,25,0.46
Existing Customer,45,F,Less than $40K,33,2,4174.0,7905,86,0.6
Existing Customer,31,F,Less than $40K,20,3,4712.0,2568,62,0.2
Existing Customer,37,M,$40K - $60K,29,3,1808.0,1744,35,0.56
Attrited Customer,43,M,$40K - $60K,36,3,9267.0,7991,90,0.0
Attrited Customer,46,M,$60K - $80K,37,3,2445.0,2216,39,0.35
Attrited Customer,41,M,$120K +,28,2,6314.0,2718,44,0.0
Attrited Customer,44,F,Less than $40K,36,3,1684.0,2275,45,0.0
Existing Customer,51,F,Unknown,36,3,17412.0,4997,84,0.04
Existing Customer,48,F,Less than $40K,36,3,3696.0,3405,76,0.0
Existing Customer,56,F,Unknown,52,1,17561.0,1608,33,0.0
Existing Customer,37,M,$60K - $80K,23,3,3034.0,2058,49,0.71
Existing Customer,43,F,Less than $40K,24,1,5544.0,3829,55,0.2
Attrited Customer,44,F,$40K - $60K,34,3,5508.0,7507,78,0.0
Existing Customer,38,F,Less than $40K,36,2,3764.0,1572,57,0.0
Existing Customer,53,M,$80K - $120K,41,3,16033.0,1158,31,0.04
Attrited Customer,53,F,Unknown,43,3,1790.0,2128,40,0.82
Existing Customer,49,F,Less than $40K,36,3,1438.3,4759,90,0.46
Existing Customer,53,M,$120K +,47,1,19081.0,1536,31,0.13
Existing Customer,60,F,Unknown,50,3,7459.0,4328,68,0.23
Existing Customer,48,F,Less than $40K,43,1,2089.0,5069,76,0.6
Existing Customer,43,F,Less than $40K,38,1,1521.0,4880,79,0.0
Existing Customer,37,F,Less than $40K,22,2,2448.0,4087,81,0.71
Existing Customer,63,M,$80K - $120K,51,3,10257.0,1508,30,0.1
Existing Customer,49,M,$80K - $120K,42,1,10155.0,1685,49,0.18
Existing Customer,32,M,$60K - $80K,26,2,5478.0,2456,55,0.27
Existing Customer,54,F,Less than $40K,48,2,2473.0,4823,72,0.71
Existing Customer,49,F,Less than $40K,36,1,3252.0,7418,90,0.77
Attrited Customer,54,F,Less than $40K,34,3,2223.0,2538,49,0.28
Existing Customer,61,F,Less than $40K,53,2,3396.0,1418,36,0.24
Existing Customer,50,M,$40K - $60K,31,3,9949.0,3776,83,0.16
Existing Customer,44,M,$80K - $120K,34,2,5293.0,4572,90,0.23
Existing Customer,38,M,$40K - $60K,31,1,5362.0,3548,69,0.21
Existing Customer,46,F,Less than $40K,41,2,2841.0,4144,73,0.64
Existing Customer,49,M,$60K - $80K,42,3,3783.0,4383,82,0.0
Attrited Customer,42,F,Less than $40K,23,3,1929.0,857,36,0.87
Existing Customer,53,F,Less than $40K,43,3,2172.0,4657,82,0.3
Existing Customer,60,F,$40K - $60K,52,2,2802.0,4392,81,0.9
Existing Customer,31,M,$40K - $60K,20,3,13734.0,2566,74,0.0
Existing Customer,49,M,$60K - $80K,44,1,5013.0,5223,84,0.0
Existing Customer,39,F,$40K - $60K,26,3,3142.0,3046,56,0.52
Existing Customer,50,M,$120K +,41,3,4607.0,4793,88,0.0
Existing Customer,54,F,Unknown,47,3,2156.0,4120,77,0.53
Existing Customer,45,F,Unknown,36,3,15875.0,1592,37,0.11
Existing Customer,56,F,Less than $40K,43,3,5254.0,4546,89,0.0
Existing Customer,45,F,$40K - $60K,37,3,1438.3,4459,66,0.0
Existing Customer,34,F,Less than $40K,27,2,5795.0,5674,78,0.16
Attrited Customer,52,M,$60K - $80K,40,4,23128.0,2050,35,0.08
Attrited Customer,48,M,$40K - $60K,36,2,2954.0,2433,29,0.32
Attrited Customer,41,F,Less than $40K,36,3,2201.0,2408,38,0.96
Existing Customer,42,F,Less than $40K,29,3,3422.0,4486,74,0.0
Existing Customer,42,F,Less than $40K,36,2,2526.0,4267,72,0.81
Existing Customer,38,F,Less than $40K,29,1,1878.0,4650,71,0.66
Existing Customer,45,F,Less than $40K,36,2,2658.0,4774,92,0.26
Existing Customer,29,F,Less than $40K,21,3,2298.0,4814,88,0.0
Existing Customer,44,F,Unknown,38,3,11474.0,3242,74,0.09
Existing Customer,42,F,$40K - $60K,36,2,16290.0,4232,79,0.0
Existing Customer,50,M,$120K +,37,3,15341.0,2916,65,0.07
Existing Customer,42,F,Unknown,32,3,4035.0,4589,89,0.25
Existing Customer,51,F,Less than $40K,36,1,1438.3,4866,65,0.0
Attrited Customer,59,F,Unknown,49,3,9076.0,3048,53,0.0
Attrited Customer,39,M,$40K - $60K,33,3,2088.0,2866,59,0.47
Existing Customer,39,F,$40K - $60K,36,1,11314.0,3761,70,0.0
Existing Customer,46,F,Unknown,36,2,4668.0,1612,47,0.0
Existing Customer,50,F,Unknown,36,2,6465.0,4490,68,0.29
Attrited Customer,43,F,Less than $40K,36,2,1536.0,1973,36,0.0
Existing Customer,59,F,Less than $40K,40,3,3297.0,4783,91,0.0
Existing Customer,45,F,Unknown,36,1,5989.0,4246,78,0.0
Existing Customer,52,F,Less than $40K,42,2,2012.0,3822,68,0.61
Existing Customer,55,F,Less than $40K,48,3,3968.0,4641,65,0.35
Existing Customer,52,M,$60K - $80K,44,2,3323.0,1599,47,0.7
Existing Customer,65,F,Unknown,36,1,5018.0,4028,81,0.22
Existing Customer,47,F,Less than $40K,38,2,1585.0,4656,80,0.82
Existing Customer,65,F,Less than $40K,50,3,7487.0,4070,63,0.26
Existing Customer,49,F,$40K - $60K,37,2,3943.0,4180,82,0.29
Existing Customer,62,M,$40K - $60K,48,1,1438.3,1406,27,0.0
Existing Customer,60,M,$40K - $60K,36,1,3281.0,1424,29,0.26
Existing Customer,47,F,Less than $40K,39,2,2915.0,4037,83,0.83
Existing Customer,40,F,Less than $40K,33,1,2628.0,4316,72,0.67
Existing Customer,50,M,$60K - $80K,38,1,10762.0,4509,71,0.06
Existing Customer,41,M,Less than $40K,36,1,1950.0,4630,84,0.51
Existing Customer,63,F,$40K - $60K,53,2,3067.0,1420,32,0.61
Existing Customer,42,F,Unknown,32,3,9749.0,4684,86,0.09
Existing Customer,46,F,$40K - $60K,34,3,3336.0,5577,95,0.51
Existing Customer,45,F,Unknown,26,3,16317.0,2944,71,0.0
Existing Customer,41,M,$80K - $120K,33,3,4388.0,4406,74,0.35
Attrited Customer,59,F,$40K - $60K,36,3,1665.0,2748,40,0.0
Existing Customer,46,M,$60K - $80K,38,3,15483.0,4678,80,0.11
Existing Customer,55,F,Less than $40K,43,2,2239.0,4540,73,0.6
Attrited Customer,37,M,$40K - $60K,36,2,1696.0,2095,43,0.0
Existing Customer,57,F,Less than $40K,50,2,1665.0,4420,86,0.59
Attrited Customer,39,F,$40K - $60K,28,2,7596.0,2164,45,0.29
Existing Customer,49,M,$80K - $120K,33,1,6278.0,1087,33,0.07
Existing Customer,42,M,$40K - $60K,27,3,2437.0,8028,77,0.7
Existing Customer,44,M,$40K - $60K,31,1,2197.0,4548,64,0.0
Attrited Customer,54,F,$40K - $60K,34,3,4948.0,1796,41,0.0
Existing Customer,56,M,$120K +,50,3,16254.0,2502,55,0.09
Existing Customer,45,F,Less than $40K,30,2,2059.0,4110,71,0.54
Existing Customer,52,M,$80K - $120K,42,3,21782.0,1537,35,0.05
Existing Customer,44,F,Unknown,33,3,13349.0,3534,78,0.0
Existing Customer,44,F,Less than $40K,38,4,7182.0,4294,67,0.25
Existing Customer,51,F,$40K - $60K,38,3,5536.0,4281,82,0.0
Existing Customer,48,F,Unknown,35,3,6074.0,4504,90,0.0
Attrited Customer,35,F,Less than $40K,27,3,3876.0,7712,73,0.0
Existing Customer,49,M,$60K - $80K,29,3,1438.3,3016,80,0.37
Existing Customer,46,M,$60K - $80K,36,2,1621.0,4719,73,0.49
Existing Customer,26,M,Less than $40K,20,2,1438.3,2546,40,0.34
Attrited Customer,31,M,Less than $40K,36,2,6911.0,8123,71,0.36
Existing Customer,45,M,$80K - $120K,39,1,17996.0,1589,30,0.05
Existing Customer,42,F,$40K - $60K,36,3,3734.0,4792,87,0.67
Existing Customer,48,M,$80K - $120K,44,1,11332.0,4674,72,0.14
Attrited Customer,62,M,$60K - $80K,46,3,7547.0,5294,73,0.33
Existing Customer,55,M,$80K - $120K,46,1,10795.0,7855,81,0.0
Attrited Customer,46,M,$40K - $60K,34,3,16547.0,1561,41,0.0
Existing Customer,32,F,Less than $40K,22,3,1438.3,4885,78,0.73
Existing Customer,45,F,Less than $40K,36,2,2020.0,4951,85,0.55
Existing Customer,38,M,$120K +,29,3,9703.0,4190,81,0.1
Existing Customer,53,F,Less than $40K,34,2,6721.0,3718,51,0.17
Existing Customer,49,F,Less than $40K,39,3,2821.0,8220,103,0.71
Attrited Customer,36,F,$40K - $60K,22,3,2013.0,2425,50,0.0
Existing Customer,39,F,Less than $40K,22,3,5454.0,2674,67,0.2
Existing Customer,47,M,$60K - $80K,38,1,21304.0,1770,25,0.07
Existing Customer,50,F,$40K - $60K,43,2,17304.0,1756,33,0.14
Existing Customer,44,M,$120K +,34,3,8874.0,1849,56,0.18
Attrited Customer,46,F,Less than $40K,36,3,15164.0,8356,68,0.04
Attrited Customer,47,F,Less than $40K,39,3,3899.0,2182,40,0.0
Existing Customer,49,M,$80K - $120K,45,2,2453.0,4185,66,0.62
Existing Customer,44,F,Less than $40K,32,3,2540.0,5039,82,0.62
Attrited Customer,50,M,$120K +,36,2,16081.0,6100,61,0.03
Attrited Customer,40,F,Less than $40K,21,2,2984.0,2373,53,0.84
Existing Customer,56,M,$60K - $80K,39,1,3955.0,1238,25,0.64
Existing Customer,36,M,$80K - $120K,36,3,2262.0,4116,84,0.64
Existing Customer,46,F,Less than $40K,40,4,2711.0,5084,79,0.66
Existing Customer,54,F,Less than $40K,48,3,6814.0,1339,30,0.23
Existing Customer,36,F,Less than $40K,26,3,2002.0,2411,60,0.69
Existing Customer,56,F,Less than $40K,45,2,2235.0,1229,27,0.0
Existing Customer,38,F,$40K - $60K,36,3,5576.0,4322,85,0.0
Existing Customer,37,F,Unknown,24,2,10584.0,1567,33,0.15
Existing Customer,45,F,Less than $40K,34,1,8694.0,1753,49,0.11
Existing Customer,37,M,$60K - $80K,26,2,14485.0,3895,87,0.15
Existing Customer,47,M,$60K - $80K,36,3,21142.0,4360,66,0.0
Existing Customer,56,F,Less than $40K,49,1,5097.0,2052,45,0.23
Existing Customer,43,F,$40K - $60K,31,3,4091.0,5244,87,0.27
Existing Customer,44,F,$40K - $60K,24,1,8495.0,1950,31,0.18
Existing Customer,43,F,Less than $40K,36,1,9684.0,1400,31,0.26
Existing Customer,57,M,$60K - $80K,36,1,3478.0,1409,49,0.72
Existing Customer,49,M,$60K - $80K,38,1,2461.0,1729,35,0.64
Existing Customer,49,M,$60K - $80K,36,2,15942.0,1742,41,0.0
Existing Customer,59,M,$60K - $80K,53,1,12554.0,1422,30,0.17
Attrited Customer,53,M,$80K - $120K,36,3,4503.0,748,20,0.0
Existing Customer,44,F,$40K - $60K,37,1,3410.0,5102,63,0.33
Existing Customer,43,M,$40K - $60K,31,1,7564.0,4743,82,0.0
Existing Customer,40,F,Less than $40K,32,3,2107.0,4858,73,0.45
Attrited Customer,58,M,$40K - $60K,45,1,3421.0,992,21,0.74
Existing Customer,53,M,$120K +,41,3,1612.0,1564,33,0.46
Existing Customer,37,F,Less than $40K,19,3,12535.0,3283,74,0.16
Existing Customer,41,M,$60K - $80K,31,2,13116.0,4800,61,0.09
Existing Customer,53,M,$60K - $80K,43,3,8404.0,4811,56,0.18
Attrited Customer,42,F,Unknown,30,1,3578.0,1015,36,0.0
Existing Customer,29,M,$60K - $80K,36,3,5346.0,3253,80,0.0
Existing Customer,48,F,$40K - $60K,36,4,7268.0,4199,80,0.0
Existing Customer,47,F,$40K - $60K,29,1,2636.0,3858,70,0.6
Existing Customer,51,M,$80K - $120K,35,2,6205.0,4605,88,0.36
Attrited Customer,40,F,Less than $40K,30,3,3319.0,4840,44,0.0
Attrited Customer,38,F,Less than $40K,27,3,1438.3,2478,45,0.0
Existing Customer,39,F,Unknown,36,3,8096.0,1794,41,0.18
Existing Customer,44,F,Less than $40K,33,3,3075.0,3534,53,0.82
Attrited Customer,40,F,Less than $40K,21,2,1728.0,2191,38,0.0
Existing Customer,57,F,$40K - $60K,36,1,8184.0,4134,71,0.18
Existing Customer,49,F,Less than $40K,44,2,3537.0,4726,78,0.0
Existing Customer,48,F,$40K - $60K,40,1,1919.0,1505,33,0.4
Existing Customer,56,M,$60K - $80K,43,1,3110.0,3395,75,0.76
Attrited Customer,58,M,$120K +,46,3,16163.0,2171,48,0.0
Existing Customer,63,M,Less than $40K,51,3,6102.0,4527,67,0.0
Attrited Customer,49,F,Less than $40K,33,3,2910.0,2648,41,0.0
Existing Customer,42,F,Unknown,34,3,15449.0,4098,81,0.0
Existing Customer,40,F,Less than $40K,29,1,2694.0,3366,56,0.68
Attrited Customer,49,F,Unknown,38,2,11025.0,1902,28,0.0
Existing Customer,38,F,Unknown,28,3,16049.0,1989,33,0.05
Existing Customer,56,F,Less than $40K,51,2,3617.0,5416,76,0.24
Attrited Customer,51,F,Less than $40K,32,2,1757.0,2377,47,0.19
Existing Customer,38,F,Less than $40K,26,2,1934.0,4019,78,0.51
Existing Customer,41,M,$120K +,36,2,18214.0,1344,21,0.11
Existing Customer,30,F,Less than $40K,36,2,7087.0,1712,37,0.15
Existing Customer,48,F,Less than $40K,36,3,1438.3,3868,80,0.56
Existing Customer,65,M,$40K - $60K,53,2,2507.0,3325,67,0.64
Existing Customer,51,F,Less than $40K,42,3,3236.0,3952,80,0.0
Attrited Customer,50,M,$60K - $80K,45,2,21096.0,1882,39,0.0
Existing Customer,50,F,$40K - $60K,35,3,2784.0,4904,81,0.88
Existing Customer,58,F,Less than $40K,46,1,2799.0,4214,83,0.55
Existing Customer,46,F,Less than $40K,42,2,7616.0,2006,52,0.16
Existing Customer,45,M,$40K - $60K,33,3,11529.0,8135,97,0.16
Attrited Customer,54,F,Unknown,49,2,13184.0,2047,33,0.0
Existing Customer,39,M,$60K - $80K,36,3,5471.0,1992,46,0.38
Attrited Customer,48,F,Unknown,36,3,1630.0,1884,43,0.76
Existing Customer,54,F,Less than $40K,45,1,2513.0,1454,30,0.45
Existing Customer,53,F,$40K - $60K,40,3,2772.0,5313,68,0.87
Existing Customer,27,F,Less than $40K,19,1,4255.0,2236,57,0.41
Attrited Customer,38,F,Less than $40K,32,3,3775.0,2031,36,0.0
Existing Customer,51,M,$60K - $80K,36,3,5993.0,3464,64,0.26
Attrited Customer,42,F,Less than $40K,33,2,13453.0,1904,42,0.19
Existing Customer,59,F,Less than $40K,40,3,2687.0,4697,81,0.91
Attrited Customer,63,M,$60K - $80K,51,3,11619.0,2395,49,0.0
Existing Customer,36,M,$60K - $80K,36,3,4108.0,2275,58,0.4
Existing Customer,64,F,$40K - $60K,52,2,4999.0,1601,48,0.46
Existing Customer,37,M,$40K - $60K,31,3,3216.0,4039,81,0.0
Attrited Customer,48,M,$40K - $60K,42,3,2760.0,1759,34,0.0
Existing Customer,56,M,$60K - $80K,50,3,6735.0,1249,28,0.34
Existing Customer,62,F,Unknown,51,3,10826.0,1355,34,0.12
Existing Customer,35,F,Less than $40K,22,2,3009.0,5329,82,0.84
Existing Customer,51,M,$80K - $120K,36,1,3418.0,1887,20,0.0
Existing Customer,44,F,Less than $40K,40,2,2232.0,3803,68,0.9
Existing Customer,32,M,$40K - $60K,18,1,4583.0,2395,57,0.35
Existing Customer,56,M,$120K +,49,1,8902.0,969,29,0.22
Attrited Customer,39,F,Unknown,36,2,12405.0,3151,39,0.0
Existing Customer,50,F,$40K - $60K,39,3,1844.0,5056,81,0.75
Attrited Customer,41,F,Less than $40K,36,2,1655.0,2156,37,0.0
Existing Customer,62,M,Less than $40K,48,3,5844.0,3546,65,0.34
Existing Customer,38,F,Less than $40K,30,1,2569.0,1190,46,0.62
Existing Customer,43,M,$60K - $80K,31,1,23457.0,7370,96,0.11
Existing Customer,44,M,$80K - $120K,37,1,2617.0,3104,70,0.96
Attrited Customer,38,F,$40K - $60K,26,2,2669.0,2271,31,0.0
Existing Customer,47,M,$60K - $80K,36,1,1983.0,5065,80,0.5
Existing Customer,49,F,Less than $40K,39,2,1909.0,4697,83,0.45
Existing Customer,44,M,$40K - $60K,34,3,5331.0,1766,39,0.37
Existing Customer,55,F,Less than $40K,36,3,1886.0,4233,81,0.54
Existing Customer,39,F,Less than $40K,28,3,2077.0,3647,69,0.0
Existing Customer,57,F,Less than $40K,51,3,3545.0,3691,69,0.41
Attrited Customer,42,F,Less than $40K,30,3,1438.3,1693,37,0.0
Attrited Customer,39,F,Less than $40K,36,1,3651.0,862,19,0.0
Existing Customer,48,F,$40K - $60K,37,3,1438.3,5035,76,0.0
Existing Customer,42,M,$60K - $80K,29,3,12294.0,7906,87,0.2
Existing Customer,47,F,Unknown,36,2,12581.0,4427,76,0.1
Existing Customer,54,F,Less than $40K,41,2,1438.3,4217,72,0.57
Existing Customer,54,F,Unknown,42,1,11794.0,5547,87,0.09
Existing Customer,50,F,$40K - $60K,39,2,3028.0,4144,64,0.44
Existing Customer,39,F,Unknown,21,1,5024.0,1925,40,0.32
Existing Customer,49,F,Less than $40K,38,3,1652.0,1771,47,0.49
Existing Customer,62,M,$60K - $80K,36,1,2796.0,4820,74,0.0
Existing Customer,35,M,$60K - $80K,28,3,6921.0,1931,35,0.31
Existing Customer,49,M,$40K - $60K,32,3,3114.0,5219,86,0.71
Existing Customer,51,M,$60K - $80K,42,3,13906.0,3856,68,0.1
Existing Customer,34,F,Less than $40K,29,1,5387.0,2596,59,0.15
Existing Customer,65,M,Unknown,53,2,10775.0,3432,70,0.17
Existing Customer,51,F,$40K - $60K,44,2,16406.0,4075,75,0.0
Existing Customer,51,F,Less than $40K,43,3,3683.0,4684,86,0.28
Existing Customer,42,F,Unknown,36,3,17536.0,1411,28,0.09
Existing Customer,41,M,$120K +,32,3,5489.0,4085,65,0.28
Existing Customer,63,M,Unknown,36,3,7108.0,3787,68,0.08
Attrited Customer,56,M,$60K - $80K,46,3,2340.0,781,15,0.82
Attrited Customer,47,F,Less than $40K,36,2,5667.0,2176,38,0.44
Existing Customer,45,F,Less than $40K,32,1,3335.0,5321,78,0.67
Existing Customer,52,M,$120K +,37,3,14543.0,1536,37,0.0
Existing Customer,49,F,Unknown,43,3,2874.0,4617,89,0.0
Attrited Customer,49,F,$40K - $60K,41,3,1438.3,2030,37,0.36
Attrited Customer,45,F,$40K - $60K,41,3,1477.0,2214,43,0.0
Existing Customer,39,F,$40K - $60K,26,1,2575.0,1487,33,0.55
Existing Customer,56,M,$80K - $120K,36,1,12786.0,1205,19,0.15
Existing Customer,39,M,$60K - $80K,36,3,1982.0,4313,62,0.88
Existing Customer,54,M,$60K - $80K,42,2,3583.0,1065,28,0.0
Existing Customer,42,F,Less than $40K,28,3,3044.0,4854,85,0.61
Existing Customer,42,M,$40K - $60K,36,3,2502.0,3763,75,0.6
Existing Customer,38,F,Less than $40K,32,3,1755.0,5000,79,0.43
Existing Customer,52,F,$40K - $60K,42,3,3416.0,8254,75,0.58
Existing Customer,43,F,Less than $40K,33,4,1884.0,4591,85,0.64
Attrited Customer,51,F,Less than $40K,41,3,2791.0,2584,49,0.34
Existing Customer,37,F,Less than $40K,26,2,2586.0,4883,73,0.32
Existing Customer,52,F,$40K - $60K,41,2,3035.0,4104,79,0.65
